source,target,tgt_lng
Gene,Gene,
Margueritte,Margueritte,
Reid,Reid,
Parker,Parker,
Grant,Grant,
Enterprise Technology Leadership,企业技术领导力,
scenius,scenius,
Steve,Steve,
Linh,Linh,
Kitchen Brigade,厨房团队,
Vibe Coded,Vibe编码,
Red Ball,红球,
Claude,Claude,
Cube,立方体,
Colored Lighting,彩色照明,
Gemini,Gemini,
Number of Photographs Taken Annually,每年拍摄的照片数量,
Vibe Coding,Vibe编码,
Vibe Coding Loop,Vibe编码循环,
AI Model,AI模型,
Context Window,上下文窗口,
Large Project Task Graph,大型项目任务图,
Leaf Nodes,叶子节点,
Ruby Admin Script,Ruby管理员脚本,
MCP-Enabled System,MCP启用系统,
Traditional Developer Loop,传统开发者循环,
Free Developer Loop,自由开发者循环,
Timescales,时间尺度,
Code Survival Graphs,代码生存图,
Clojure,Clojure,
Linux,Linux,
Scala,Scala,
Vibe Coding Testing Strategies,Vibe编码测试策略,
Parallelizing Kitchen Work,并行化厨房工作,
Task Graph,任务图,
DARIO AMODEI,DARIO AMODEI,
CEO,首席执行官,
COFOUNDER,联合创始人,
ANTHROPIC,ANTHROPIC,
AI,人工智能,
2025,2025,
coding agents,编码代理,
Claude Code,Claude Code,
software engineering,软件工程,
cognitive tasks,认知任务,
software development,软件开发,
leading,领先的,
labor market,劳动力市场,
AI models,AI模型,
societal blockers,社会阻碍因素,
misaligned actions,不一致的行为,
AI safety,AI安全,
software-building LLM agents,构建软件的LLM代理,
Steve’s post,Steve的帖子,
Junior Developer,初级开发者,
work-deferral trap,工作拖延陷阱,
6 months,6个月,
traffic dies down,交通高峰时段过去,
exponential,指数的,
July,七月,
software,软件,
1990s,1990年代,
FAANGs,FAANGs,
Facebook,Facebook,
Amazon,亚马逊,
Apple,苹果,
Netflix,Netflix,
Google,谷歌,
AI coding agent,AI编码代理,
browser automation tool,浏览器自动化工具,
UI bugs,UI错误,
March 2025,2025年3月,
TODOs,待办事项,
work streams,工作流程,
"high-quality, well-tested code",高质量、经过良好测试的代码,
game bugs,游戏错误,
programming career,编程生涯,
technology hype,技术炒作,
Gene’s Aha Moment,Gene 的顿悟时刻,
February 2024,2024年2月,
ChatGPT,ChatGPT,
Java graphics libraries,Java 图形库,
first try,第一次尝试,
forty-seven-minute pair programming session,47分钟结对编程会议,
video excerpting tool,视频剪辑工具,
months,几个月,
weekend tasks,周末任务,
technical overhead,技术负担,
software development world,软件开发世界,
hard data,硬数据,
concrete examples,具体实例,
Part 1,第一部分,
development workflow,开发流程,
"inner, middle, and outer developer loops",内部、中间和外部开发者循环,
scaling up,扩展规模,
reshaping the organizations of the future,重塑未来的组织,
exponential change,指数级变化,
chat-based coding,基于聊天的编码,
autonomous agents,自主代理,
coordinating groups of agents,协调代理群体,
experienced engineer,经验丰富的工程师,
novice,新手,
manufacturing,制造业,
productivity,生产力,
software work,软件开发,
new risks and dangers,新的风险和危险,
your job,你的工作,
life’s biggest stressors,生活中最大的压力,
learning curve,学习曲线,
work/life balance,工作/生活平衡,
bottleneck,瓶颈,
coding,编码,
soware,软件,
the future of coding,编码的未来,
Dr. Erik Meijer,埃里克·梅耶尔博士,
Dutch,荷兰,
programming language development,编程语言开发,
Visual Basic,Visual Basic,
Haskell,Haskell,
LINQ,LINQ,
Hack,Hack,
language design,语言设计,
implementation,实现,
2024,2024,
Happy Time,快乐时光,
Stack Overflow,Stack Overflow,
Dr. Andrej Karpathy,安德烈·卡帕西博士,
AI research,人工智能研究,
software lifecycle,软件生命周期,
code generation,代码生成,
architecture,架构,
features,功能,
security,安全性,
vision,愿景,
verification,验证,
manual coding,手动编码,
traditional coding,传统编码,
pre-AI style,AI前风格,
code completions,代码补全,
IDE,集成开发环境,
GitHub Copilot,GitHub Copilot,
Dr. Eirini Kalliamvakou,Eirini Kalliamvakou 博士,
coding tasks,编码任务,
labor-intensive,劳动密集型,
Chat coding,Chat 编码,
code examination,代码审查,
code modification,代码修改,
tooling,工具,
OpenAI,OpenAI,
ChatGPT-4o,ChatGPT-4o,
Agentic coding,代理编码,
real developers,真实开发者,
2021,2021年,
2023,2023年,
2026,2026年,
Cognition AI,认知AI,
Devin,Devin,
March 2024.8,2024年3月8日,
terminal application,终端应用程序,
min utilities,最小化工具,
development life cycle,开发生命周期,
development today,当今开发,
AI and coding assistants,AI和编码助手,
autonomous coding agents,自主编码代理,
Aider,Aider,
Augment Code,Augment Code,
Bolt,Bolt,
Cline,Cline,
Amazon Q,Amazon Q,
Cursor,Cursor,
Google’s Cloud Code,谷歌云代码,
Jules,Jules,
JetBrains’s Junie,JetBrains的Junie,
Lovable,Lovable,
OpenAI’s Codex,OpenAI的Codex,
Replit,Replit,
Roo Code,Roo Code,
Sourcegraph’s Amp,Sourcegraph的Amp,
Tabnine,Tabnine,
Windsurf,Windsurf,
complex enterprise environments,复杂的商业环境,
casual coders,休闲程序员,
performance,性能,
reliability,可靠性,
cost,成本,
active participant,积极参与者,
DevOps movement,DevOps运动,
development,开发,
conditions,条件,
DORA research group,DORA研究组,
Part 4,第4部分,
FAAFO,FAAFO,
debugging,调试,
testing,测试,
documentation,文档,
back burner,备选,
project spectrum,项目范围,
ROI,投资回报率,
trade-offs,权衡,
development approach,开发方法,
specialists,专家,
disciplines,学科,
communication challenges,沟通挑战,
coordination costs,协调成本,
infrastructure,基础设施,
user problems,用户问题,
cool stuff,酷炫事物,
book,书籍,
programming work,编程工作,
societal change,社会变革,
ability to explore options,探索选项的能力,
rapidly prototype,快速原型设计,
AI-assisted programming,人工智能辅助编程,
chat programming,聊天编程,
in-place editing,原地编辑,
clusters of agents,代理集群,
badged agent employees,带徽章的代理员工,
Slack,Slack,
Teams,Teams,
enduring principles,持久原则,
mental models,心智模型,
AI-assisted development,人工智能辅助开发,
Figure 0.1,图0.1,
celebrity chef,名人厨师,
international culinary empire,国际餐饮帝国,
journeys to vibe coding,编码之旅,
veteran programmer,资深程序员,
major tech companies,大型科技公司,
developer productivity,开发者生产力,
platform-first architecture,平台优先架构,
safer programming languages,更安全的编程语言,
deprecating APIs,废弃API,
Kythe,Kythe,
Google Code Search,谷歌代码搜索,
Sourcegraph,Sourcegraph,
Head of Engineering,工程总监,
radical technology change,激进的技术变革,
Archmage,大法师,
2022,2022年,
Wyvern,Wyvern,
multiplayer online game,多人在线游戏,
1995,1995,
"250,000","250,000",
volunteer content and code contributors,志愿者内容和代码贡献者,
four million lines of code,四百万行代码,
configuration,配置,
thirty years,三十年,
mildly deceased elephant,轻度死亡的象,
aspirations,愿望,
maintenance mode,维护模式,
Gene Kim,Gene Kim,
Enterprise Technology Leadership Summit,企业技术领导力峰会,
Las Vegas,拉斯维加斯,
vibe coding exploration,vibe 编程探索,
pair programming sessions,结对编程会议,
experts,专家,
long debates,长时间辩论,
career,职业生涯,
Gene’s Journey,Gene 的旅程,
high-performing technology organizations,高性能技术组织,
programming,编程,
GenAI,通用人工智能,
UNIX,UNIX,
Purdue University,普渡大学,
Tripwire,Tripwire,
IPO,首次公开募股,
computer science,计算机科学,
C and C++,C和C++,
Excel,Excel,
PowerPoint,PowerPoint,
Perl,Perl,
Ruby,Ruby,
system administration,系统管理,
Dr. John Launchbury,约翰·兰彻伯里博士,
Mike Nygard,迈克·奈格德,
DevOps,DevOps,
modularity,模块化,
The Wall Street Journal,华尔街日报,
Death of the Junior Developer,初级开发者之死,
CHOP,CHOP,
chat-oriented programming,面向聊天的编程,
Steve Yegge,Steve Yegge,
June,六月,
monolith,单体,
vibe coded tools,Vibe编码工具,
writing process,写作过程,
web application,网络应用程序,
copying/pasting,复制粘贴,
switching,切换,
Google Docs Add-on,Google Docs插件,
LLM,大语言模型,
token,令牌,
commit,提交,
branch,分支,
product managers,产品经理,
infrastructure experts,基础设施专家,
developer teams,开发团队,
coding revolution,编码革命,
trial and error,试错,
wild success,巨大成功,
From Our Journeys to Yours,从我们的旅程到你的旅程,
React,React,
JavaScript,JavaScript,
Kotlin,Kotlin,
Android,Android,
iOS,iOS,
Python,Python,
Terraform,Terraform,
Kubernetes,Kubernetes,
CTO,CTO,
Kent Beck,Kent Beck,
ML Engineers,机器学习工程师,
AI Engineers,人工智能工程师,
package managers,包管理器,
human and AI assistants,人类和人工智能助手,
big tech,大型科技公司,
enterprise,企业,
Technology Leaders,技术领导者,
new horizon,新视野,
non-technical,非技术性,
hands-on development,动手开发,
developer environment,开发者环境,
Product Owners,产品负责人,
UX,用户体验,
front-end feature,前端特性,
infrastructure folks,基础设施人员,
performance analyzers,性能分析器,
migration utilities,迁移工具,
scaling automation,扩展自动化,
Level 99 Heroes Logging Back In,Level 99 英雄回归,
npm,npm,
version control,版本控制,
commits,提交,
code reviews,代码审查,
unit testing,单元测试,
code linting,代码检查,
compiler errors,编译错误,
Sourcegraph Amp,Sourcegraph Amp,
VP of Finance,财务副总裁,
leaderboard,排行榜,
beginner-friendly,适合初学者,
Students,学生,
job market,就业市场,
developer,开发者,
portfolio,作品集,
skills,技能,
Tech Adjacent Roles,技术相关角色,
Program Managers,项目经理,
Analysts,分析师,
QA,质量保证,
Customer Service,客户服务,
Sales,销售,
Finance,财务,
HR,人力资源,
Marketing,市场营销,
organization,组织,
executives,高管,
LLMs,大语言模型,
Intel 8086 assembly language,英特尔8086汇编语言,
Java,Java,
Git,Git,
production code,生产代码,
Grab,Grab,
functional Lisp programming language,功能性Lisp编程语言,
tech leads,技术负责人,
managers,管理者,
human and AI contributors,人类和AI贡献者,
cultural norms,文化规范,
organization-wide standards,组织范围内的标准,
AI sous chefs,AI助理厨师,
interviewing,面试,
enterprise case studies,企业案例研究,
fast feedback loops,快速反馈循环,
high standards,高标准,
rigorous judgment,严格的判断,
Facebook Hack,Facebook Hack,
PHP,PHP,
static typing,静态类型,
type safety,类型安全,
Mark Zuckerberg,马克·扎克伯格,
Meta,Meta,
agentic coding assistants,代理编码助手,
Grok,Grok,
Andrew Flick,安德鲁·弗利克,
Microsoft,微软,
MVP,MVP,
Word,Word,
VIBE CODE,VIBE编码,
AI-assisted kitchen,AI 辅助厨房,
conversational AI,对话式 AI,
assembly,汇编,
high-level languages,高级语言,
punch cards,穿孔卡片,
IDEs,集成开发环境,
JavaScript toolchain,JavaScript 工具链,
exponential graphics programming revolution,指数级图形编程革命,
Part,部分,
sous chefs,副厨师,
1960s,20世纪60年代,
Star Trek,星际迷航,
AI assistants,AI助手,
software productivity,软件生产力,
Chat and agentic programming,聊天和代理编程,
working software,可工作的软件,
implementer,实施者,
advisor,顾问,
fellow designer and architect,设计师和架构师,
code reviewer,代码审查员,
pair programmer,结对程序员,
Tesla,特斯拉,
neural networks,神经网络,
machine learning,机器学习,
sidebar,侧边栏,
diffs,差异,
bugs,错误,
work flow,工作流程,
Twitter,Twitter,
Y Combinator,Y Combinator,
Silicon Valley,硅谷,
Winter 2025 batch,2025年冬季班,
frontier AI labs,前沿AI实验室,
startups,初创公司,
Tobi Lutke,Tobi Lutke,
Shopify,Shopify,
Canadian,加拿大,
publicly traded company,上市公司,
annual revenue,年收入,
headcount,员工人数,
production,生产,
Canva,Canva,
principal engineer,首席工程师,
GitLab,GitLab,
Sergey Brin,Sergey Brin,
product direction,产品方向,
Brin,布林,
product engineer,产品工程师,
fundamental shift,根本性转变,
AI coding tools,人工智能编码工具,
AI capabilities,人工智能能力,
approaches,方法,
Karpathy,Karpathy,
Humphreys,Humphreys,
security reviews,安全审查,
test coverage,测试覆盖率,
blast radius management,影响范围管理,
operational excellence,运营卓越,
security code,安全代码,
test suites,测试套件,
legacy systems,遗留系统,
code base,代码库,
behavior,行为,
confidence,信心,
engineering discipline,工程纪律,
head chef,主厨,
rigorously,严格地,
exponentially,指数地,
Dr. Karpathy,Karpathy博士,
10x gains,10倍增益,
mediocre developer,平庸的开发者,
final manuscript,最终稿,
editors,编辑,
productivity tool,生产力工具,
tedious and error-prone,繁琐且易出错,
manuscript,手稿,
Part 3,第3部分,
signposting,指引,
outline,大纲,
clipboard,剪贴板,
Markdown parser,Markdown 解析器,
book modification visualizations,书籍修改可视化,
Markdown,Markdown,
hierarchical tree,层次树,
test suite,测试套件,
Git history,Git历史,
book manuscript,书籍手稿,
array slicing syntax,数组切片语法,
race condition,竞态条件,
workaround,解决方案,
Google Docs,Google Docs,
Git commits,Git提交,
book text,书籍文本,
array slicing,数组切片,
10x productivity gain,10倍生产力提升,
visualization dashboard,可视化仪表盘,
charting libraries,图表库,
configuration options,配置选项,
data files,数据文件,
bad data,无效数据,
user interactions,用户交互,
AI assistant,AI助手,
line chef,线厨,
Michelin stars,米其林星级,
overdone,过度烹饪,
sauce,酱料,
responsibility,责任,
final result,最终结果,
critical eye,批判性眼光,
AI-generated solutions,AI生成解决方案,
AI agents,AI代理,
project manager,项目经理,
NFL,美国国家橄榄球联盟,
Michigan,密歇根州,
FAAFO menu,FAAFO菜单,
house rules,家规,
dining room,餐厅,
regenerate code,重写代码,
AI breakthroughs,人工智能突破,
developers,开发者,
Microso,微软,
Jonathan Larson,Jonathan Larson,
GraphRAG,GraphRAG,
1993 id Soware DOOM,1993年id Software DOOM软件,
player jumping,玩家跳跃,
3D internal model,3D内部模型,
player state,玩家状态,
input handling,输入处理,
level logic,关卡逻辑,
ITRevolution.com,ITRevolution.com,
languages,语言,
tools,工具,
knowledge,知识,
capabilities,能力,
decades,十年,
roadblocks,障碍,
Yarn,Yarn,
bundlers,打包器,
webpack,webpack,
Rollup,Rollup,
transpilers,转换器,
Babel,Babel,
task runners,任务运行器,
gulp,gulp,
Grunt,Grunt,
testing frameworks,测试框架,
CSS preprocessors,CSS 预处理器,
build toolchains,构建工具链,
deployment pipelines,部署管道,
Docker,Docker,
AWS,AWS,
infrastructure-as-code,基础设施即代码,
GCP,GCP,
Azure,Azure,
div element,div 元素,
CI pipeline,CI 管道,
Terraform scripts,Terraform 脚本,
complexity,复杂性,
abstraction layer,抽象层,
polygons,多边形,
shaders,着色器,
programming languages,编程语言,
teletypes,电传打字机,
GitHub,GitHub,
learning cycle,学习周期,
Computer Graphics,计算机图形学,
Skyrim,天际,
transformation programming,变换编程,
Jobs,工作,
university courses,大学课程,
Water Physics,水物理,
Motion Capture,动作捕捉,
1992,1992,
API call,API调用,
3D worlds,3D世界,
pixel,像素,
Tony DeRose,Tony DeRose,
Pixar’s Research Group,皮克斯研究小组,
putPixel(),putPixel(),
lighting,光照,
object scenes,场景物体,
animation,动画,
teapots,茶壶,
chess pieces,棋子,
physics engine,物理引擎,
hitbox,碰撞盒,
hardware,硬件,
Unity,Unity,
pixel operations,像素操作,
modeling objects,建模对象,
graphics programmer,图形程序员,
Conclusion,结论,
PhD,博士,
Unity or Unreal Engine,Unity或Unreal Engine,
vertex normals,顶点法线,
semicolons,分号,
Jose Aguinaga,Jose Aguinaga,
Introduction,引言,
video excerpt tool,视频摘要工具,
podcasts,播客,
agentic AI,有代理的AI,
people can’t read my mind,人们无法读懂我的心思,
coordination,协调,
people,人们,
team,团队,
autonomously,自主地,
solutions,解决方案,
optionality,可选择性,
pair programming,结对编程,
maddeningly,令人发狂地,
frustrating,令人沮丧的,
hours,小时,
circles,圆形,
ffmpeg,ffmpeg,
captions,字幕,
images,图像,
video,视频,
AI collaborator,AI 合作伙伴,
command-line arguments,命令行参数,
Gradle build scripts,Gradle 构建脚本,
vigilance,警觉,
good judgment,良好的判断力,
rabbit hole,兔子洞,
change course,改变方向,
Vibe coders,Vibe 编码者,
internet connection,互联网连接,
Old-style coding,旧式编码,
seventy-mile desert road,七十英里沙漠公路,
car,汽车,
Be More Ambitious,更具雄心,
build,构建,
Gene’s first working version,Gene 的第一个工作版本,
work,工作,
projects,项目,
beneﬁt,好处,
difficulty,难度,
payoff,回报,
investment,投资,
opportunity,机会,
return,回报,
spectrum,范围,
applications,应用,
specialist knowledge,专业知识,
knowledge gaps,知识空白,
"Small-ish, low-return jobs",小型低回报工作,
quick wins,快速胜利,
tests,测试,
UI improvements,UI 改进,
refactorings,重构,
tasks,任务,
broken windows syndrome,破窗理论,
Anthropic’s Claude Code team,Anthropic的Claude Code团队,
customer support,客户支持,
bug,错误,
fix,修复,
priority,优先级,
multi-class prediction model,多类预测模型,
summer intern project,暑期实习生项目,
superstar intern,超级实习生,
dimension of value,价值维度,
Be More Autonomous,更加自主,
June 2024,2024年6月,
Head of AI,AI负责人,
Rishabh Mehrotra,Rishabh Mehrotra,
demo,演示,
concept to deployment,从概念到部署,
budget,预算,
intern,实习生,
stakeholder,利益相关者,
UX team,用户体验团队,
infrastructure team,基础设施团队,
radical autonomy,激进自主,
Amazon’s 2-pizza teams,亚马逊的2比萨团队,
customer contacts per order,每单客户联系,
checkout flow,结账流程,
help system,帮助系统,
radical autonomy and independence of action,激进自主和行动独立性,
problem space,问题空间,
solution,解决方案,
tireless collaborator,不知疲倦的合作伙伴,
organizational friction,组织摩擦,
mind reading,心灵感应,
junior surgeons,初级外科医生,
surgical robots,外科机器人,
senior surgeons,资深外科医生,
database schema,数据库模式,
Dr. Matt Beane,马特·比恩博士,
Economist,经济学家,
Dr. Daniel Rock,丹尼尔·洛克博士,
OpenAI Jobs Report,OpenAI 就业报告,
the Driﬁ,Driﬁ,
Pacific Rim,环太平洋,
mechs,机甲,
GitHub app,GitHub 应用程序,
PRD,PRD（产品需求文档）,
Scott Belsky,Scott Belsky,
Chief Product Officer,首席产品官,
Adobe,Adobe,
collapsing the stack,堆栈折叠,
GenAI coding tools,通用人工智能编码工具,
Fernando Cornago,Fernando Cornago,
SVP of Digital Technology,数字技术高级副总裁,
Adidas,阿迪达斯,
Annoying Time,烦人时光,
slot machine,老虎机,
dopamine hit,多巴胺冲击,
neurochemical reward,神经化学奖励,
jam sessions,即兴创作会,
technology stack,技术栈,
one-way doors,单行门,
architectural decisions,架构决策,
cost of exploring,探索成本,
complex libraries or frameworks,复杂库或框架,
capability,能力,
different ways,不同方式,
architectural patterns,架构模式,
RESTful,RESTful,
GraphQL,GraphQL,
gRPC,gRPC,
serialization,序列化,
error handling,错误处理,
client integration,客户端集成,
finance theory,金融理论,
future decision,未来决策,
infinite malleable,无限可塑,
deployment,部署,
real-world constraints,现实世界约束,
architectural choice,架构选择,
library selection,库选择,
design pattern,设计模式,
uncertainty,不确定性,
risk/reward ratio,风险/回报率,
AI field,人工智能领域,
Toyota,丰田,
Andon cord pulls,安灯线拉动,
Seventy years,七十年来,
model years,车型年,
William L. White Professor of Business Administration,威廉·L·怀特商业管理教授,
Harvard Business School,哈佛商学院,
Carliss Baldwin,卡尔莉斯·鲍德温,
parallelize experimentation,并行化实验,
microservices rearchitecture,微服务重构,
business models,商业模式,
module architecture,模块化架构,
option value,选项价值,
Parts 3 and 4,第三部分和第四部分,
sous chef,副厨师长,
sommelier,酒品师,
detective,侦探,
accountant,会计师,
rat catcher,捕鼠人,
master plumber,首席水暖工,
award-winning author,获奖作家,
tax planner,税务筹划师,
surgeon,外科医生,
taxidermist,动物标本制作师,
lawyer,律师,
concierges,礼宾部人员,
24/7,24小时全天候,
syntax,语法,
Brooks’s Law,布鲁克斯法则,
Dr. Fred Brooks,Fred Brooks 博士,
The Mythical Man-Month,人月神话,
Dr. Steven Spear,Steven Spear 博士,
Wiring the Winning Organization,构建赢利组织,
Dr. Robert Merton,Robert Merton 博士,
Drs. Fischer Black and Myron Scholes,Fischer Black 和 Myron Scholes 博士,
options pricing,期权定价,
Nobel Prize in Economic Sciences,诺贝尔经济学奖,
Tidy First?: A Personal Exercise in Empirical Software Design,整洁第一？实证软件设计的一次个人练习,
Vanishing Tests,消失测试,
Godzilla,哥斯拉,
Tokyo,东京,
Eldritch Horror,Eldritch 恐怖,
tokens,标记,
intermediate working files,中间工作文件,
Vanishing Repository,消失的存储库,
Wyvern TypeScript client code,Wyvern TypeScript客户端代码,
Claude Code tokens,Claude代码令牌,
Bitbucket repository,Bitbucket存储库,
five stages of grief,五个悲伤阶段,
Git branches,Git 分支,
NVIDIA,英伟达,
CNC machine,CNC机床,
Luke Burton,Luke Burton,
coding agent,编码代理,
vibe coding session,心情编码会话,
factory restore,出厂恢复,
AI-initiated coding mistakes,由AI触发的编码错误,
Trello API,Trello API,
Java resources directory,Java资源目录,
agent,代理,
directions,指令,
code,代码,
le system,系统,
project directory,项目目录,
instruction following,指令遵循,
culinary magic,烹饪魔法,
physical hardware,物理硬件,
AI vendor,AI供应商,
cautionary tales,警示故事,
techniques,技术,
safeguards,安全措施,
AI sous chef,AI副厨师长,
productivity asset,生产力资产,
worst nightmare,最糟糕的噩梦,
restaurant chain,餐饮连锁,
State of DevOps Reports,DevOps 状态报告,
Google’s DORA research group,谷歌的DORA研究小组,
2024 report,2024年报告,
stability,稳定性,
throughput,吞吐量,
deployment frequency,部署频率,
lead times,提前期,
DORA anomaly,DORA异常,
software professionals,软件专业人士,
knowledge work,知识工作,
Industrial Revolution,工业革命,
internet,互联网,
US,美国,
economic value,经济价值,
high-wage knowledge workers,高薪知识工作者,
mathematicians,数学家,
tax preparers,税务准备人员,
financial analysts,财务分析师,
writers,作家,
web designers,网页设计师,
motorcycle mechanics,摩托车技师,
short-order cooks,快餐厨师,
floor sanders,地板打磨工,
Brendan Hopper,Brendan Hopper,
Commonwealth Bank of Australia,澳大利亚联邦银行,
moving atoms,移动原子,
manual dexterity,手动灵巧,
real-time physical feedback,实时物理反馈,
software developers,软件开发人员,
information wranglers,信息管理者,
legal precedents,法律先例,
depositions,证词,
Dr. Andrew Ng,安德鲁·吴博士,
Google Brain,谷歌大脑,
Stanford University,斯坦福大学,
knowledge workers,知识工作者,
ergonomic chairs,人体工学椅,
cappuccinos,卡布奇诺,
"creative, complex work",创造性、复杂的工作,
Erik Meijer,Erik Meijer,
tie-dyed,扎染,
Junior Developer Debate,初级开发者辩论,
true impact,真正影响,
engineering teams,工程团队,
Traditional professional kitchens,传统专业厨房,
Head chefs,主厨,
Menu,菜单,
Operations,运营,
Line cooks,灶台厨师,
Apprentices,学徒,
Software engineering teams,软件工程团队,
Senior principal engineers,高级资深工程师,
Project architecture,项目架构,
Complex features,复杂功能,
Junior developers,初级开发者,
Task tree,任务树,
Big company goals,大公司目标,
Major features,主要功能,
Smaller branches,较小分支,
Individual functions,单个功能,
Documentation bits,文档片段,
Junior talent,初级人才,
Machine learning model,机器学习模型,
FAAFO model,FAAFO模型,
Junior doctors,初级医生,
UX designers,用户体验设计师,
Infrastructure operations,基础设施运营,
Software delivery,软件交付,
Daniel,Daniel,
Engineering team,工程团队,
engineers,工程师,
senior engineers,资深工程师,
VP of Engineering,工程副总裁,
Dave Cohen,Dave Cohen,
UTR Sports,UTR Sports,
Web 2.0,Web 2.0,
Tim O’Reilly,Tim O’Reilly,
publishing empire,出版帝国,
AI coding,AI编码,
programming technology,编程技术,
programmer apocalypse,程序员末日,
assembly programmers,汇编程序员,
low-code platforms,低代码平台,
no-code tools,无代码工具,
HTML,HTML,
C++,C++,
webpage,网页,
cloud computing,云计算,
digital ecosystems,数字生态系统,
economic output,经济产出,
resource constraints,资源限制,
political resistance,政治阻力,
algorithmic micromanagement,算法微观管理,
gig work,零工经济,
warehouses,仓库,
Llama Developer Platform,Llama开发者平台,
Super Intelligence Lab,超级智能实验室,
Google DeepMind,谷歌DeepMind,
chess,国际象棋,
Go,围棋,
Model T,1908年福特T型车,
rmware,软件,
telnet,telnet,
Unit tests,单元测试,
CNC tooling,数控工具,
Python program,Python程序,
CLI flags,命令行标志,
GNU readline,GNU readline,
controller program,控制器程序,
file open dialog box,文件打开对话框,
navigation keys,导航键,
Claude Sonnet 3.7,Claude Sonnet 3.7,
Google Calendar,Google日历,
Google Apps Script,Google Apps Script,
Google Colab notebooks,Google Colab笔记本,
Google account,Google账户,
terminal apps,终端应用程序,
Christine,Christine,
Google Drive,Google Drive,
ICS,ICS,
authentication,身份验证,
Google Colab notebook,Google Colab笔记本,
Google OAuth consent screen,Google OAuth同意屏幕,
barbed wire,荆棘丛,
third-party API,第三方API,
vibe coder,感觉编码者,
Google Calendar APIs,Google日历API,
authentication complexity,身份验证复杂性,
technology landscape,技术景观,
student,学生,
Google Cloud sign-ups,Google Cloud注册,
error messages,错误信息,
Claude rate limits,Claude速率限制,
screenhots,屏幕截图,
miserable troubleshooting,痛苦的故障排除,
Disneyland,迪士尼乐园,
return to code,回归代码,
Developer Case Study,开发者案例研究,
Luke,Luke,
real work in the enterprise,企业真实工作,
Global VP of Digital and E-Commerce Technology,全球数字和电子商务技术副总裁,
a thousand developers,一千名开发者,
e-commerce brands,电子商务品牌,
platform engineering,平台工程,
GenAI developer pilot,通用人工智能开发者试点,
large-scale enterprise environment,大规模企业环境,
second pilot,第二次试点,
coding assistant tool,编码助手工具,
early 2024,2024年初,
productivity gains,生产力提升,
pull requests,拉取请求,
feature-delivery velocity,功能交付速度,
hands-on coding,实际编码,
analysis,分析,
design,设计,
unrewarding work,无回报工作,
loosely coupled,松耦合,
specialized agents,专业代理,
merge requests,合并请求,
review times,审查时间,
Bruno,Bruno,
hackathons,黑客马拉松,
workshops,研讨会,
case studies,案例研究,
CNC,数控,
firmware,固件,
Booking.com,Booking.com,
business outcomes,业务成果,
protocol,协议,
command-line tool,命令行工具,
SSH,SSH,
feedback loops,反馈循环,
validation and control,验证和控制,
parallel work,并行工作,
code generation speeds,代码生成速度,
stabilization force,稳定力,
control and steer,控制和引导,
Chef Isabella,伊莎贝拉厨师,
Chef Vincent,文森特厨师,
paella,西班牙海鲜饭,
CI/CD,持续集成/持续部署,
Jez Humble,Jez Humble,
Dr. Nicole Forsgren,Dr. Nicole Forsgren,
product-market fit,产品-市场匹配,
Dr. Dan Sturtevant,丹·斯图尔特万特博士,
ChatGPT Codex,ChatGPT Codex,
commit velocity,提交速度,
Chefs Isabella,伊莎贝拉厨师,
commit rate,提交率,
entanglement,纠缠,
code bases,代码库,
independence of action,行动独立性,
merge conflicts,合并冲突,
resilience,弹性,
cloud software,云软件,
blast radius,爆炸半径,
parallel experimentation,并行实验,
NK/t,NK/t,
FAAFO dimensions,FAAFO维度,
learning,学习,
risks,风险,
mistakes,错误,
adapting,适应,
eccentricities,古怪之处,
dining experiences,餐饮体验,
customers,顾客,
Vincent,文森特,
social media,社交媒体,
internet fame,网络成名,
culinary calamities,烹饪灾难,
subtitles,字幕,
YouTube clips,YouTube视频片段,
learning mindset,学习心态,
Dr. Anders Ericsson,安德斯·埃里克森博士,
complex skill,复杂技能,
Part 2,第二部分,
intuitive understanding,直观理解,
great chefs,大师级厨师,
AI code generation,人工智能代码生成,
collaborative dialogue,协作对话,
creator’s mindset,创作者心态,
meaningful outcomes,有意义的成果,
high-level goal,高级目标,
assistants,助手,
value dimensions,价值维度,
economics,经济学,
Nyquist stability criterion,尼奎斯特稳定性准则,
control theory,控制理论,
race car driver,赛车手,
AI chatbots,AI 聊天机器人,
OpenAI Codex,OpenAI Codex,
Gemini CLI,Gemini CLI,
voice dictation,语音输入,
Xcode,Xcode,
sandboxed environments,沙盒环境,
Code Interpreter,代码解释器,
Artifacts,Artifacts,
Google Gemini,Google Gemini,
Canvas,画布,
red sphere,红色球体,
gravity,重力,
energy,能量,
floor,地板,
Bouncing Red Ball,弹跳红球,
CSS,CSS,
3D- shaded sphere,3D-着色球体,
interactive controls,交互式控制,
Congratulations,恭喜,
programming syntax,编程语法,
arcane commands,神秘命令,
JavaScript asynchronous programming models,JavaScript异步编程模型,
interrupt timer,中断定时器,
HTML5 Canvas,HTML5 Canvas,
rendering methods,渲染方法,
physics equations,物理方程,
collision detection,碰撞检测,
crap,垃圾,
bouncing ball,弹跳球,
progressive requests,渐进式请求,
JavaScript program,JavaScript程序,
slider bars,滑动条,
polygon,多边形,
Figure 8.1,图8.1,
Figure 8.2,图8.2,
Vibe Coded Cube,Vibe编码立方体,
Two-Colored Lighting,双色照明,
Claude 4,Claude 4,
bar chart,柱状图,
last 50 years,过去50年,
Figure 8.3,图8.3,
Photographs,照片,
Interactive Programs,交互式程序,
Flappy Bird,Flappy Bird,
browser,浏览器,
one-shot wonders,一次性奇迹,
WWII,二战,
flight simulator,飞行模拟器,
Gemini 2.5,Gemini 2.5,
training data,训练数据,
one-shot prompting,一次性提示,
game,游戏,
outputs,输出,
visual interpreter,视觉解释器,
follow-up prompts,后续提示,
playable,可玩性,
clouds,云,
engineering problems,工程问题,
chatbot environments,聊天机器人环境,
implementation details,实现细节,
conceptual direction,概念方向,
creative decisions,创意决策,
one-prompt development,单提示开发,
upcoming chapters,即将到来的章节,
real engineering work,实际工程工作,
new task,新任务,
edge cases,边缘情况,
robust,健壮的,
test plan,测试计划,
changelog,变更日志,
URL,URL,
questions,问题,
frustrated,沮丧的,
bored,无聊的,
environment,环境,
laptop,笔记本电脑,
modern development,现代开发,
flow state,心流状态,
group learning sessions,小组学习会议,
DeepSeek Chat,DeepSeek Chat,
voice control,语音控制,
Enterprise Tech Leadership Slack channel,企业技术领导Slack频道,
vibe coding community,氛围编码社区,
#vibe-coding,#vibe-coding,
quadratic equations,二次方程,
UNDERSTANDING YOUR KITCHEN AND AI COLLABORATORS,理解您的厨房和AI协作者,
real engineering problems,实际工程问题,
chat assistants,聊天助手,
master chef,大师级厨师,
paring knife,削皮刀,
heavy cleaver,重刀,
AI tool,AI工具,
effective prompting,有效提示,
AI helpers,AI助手,
development experience,开发体验,
video excerpting project,视频摘录项目,
visual UI debugging,视觉UI调试,
different levels of AI assistance,不同级别的AI辅助,
Frame your objective,确定目标,
specific,具体的,
success,成功,
building,构建,
Decompose the tasks,分解任务,
"clear, achievable steps",清晰、可实现的步骤,
smaller steps,小步骤,
chance,机会,
capable,有能力,
good,好的,
data structures,数据结构,
War Story,战争故事,
Gene’s Video Excerpter,Gene的视频摘要器,
YouTube videos,YouTube视频,
command-line options,命令行选项,
chat assistant,聊天助手,
highlights reel,精彩片段,
movie files,电影文件,
transcripts,脚本,
treasure trove,宝藏,
wisdom,智慧,
research material,研究材料,
miscellaneous topics,杂项主题,
Sourcegraph AI assistant,Sourcegraph AI 助手,
IntelliJ IDE,IntelliJ IDE,
prompt,提示,
transcript,字幕,
source video file,源视频文件,
ffmpeg command,ffmpeg 命令,
shell out,shell 命令,
output.mp4,output.mp4,
time unit conventions,时间单位约定,
JSON,JSON,
highlight,高亮,
start,开始,
end,结束,
ranges,范围,
entries,条目,
test cases,测试用例,
intersections,交集,
teachable moment,教学时刻,
off-by-one error,偏移量错误,
transcript file,转录文件,
video frames,视频帧,
SRT,SRT,
ASS,ASS,
function name,函数名,
session recording,会议录音,
YouTube,YouTube,
start/end time stamps,起始/结束时间戳,
podcast transcript,播客字幕文件,
SRT caption files,SRT字幕文件,
caption timing,字幕时间,
Unix command-line tools,Unix 命令行工具,
September 2024,2024年9月,
prehistoric AI,史前人工智能,
project,项目,
minutes,分钟,
Gene’s video excerpting program,Gene的视频摘录程序,
specifications,规范,
ChatGPT-4,ChatGPT-4,
iOS YouTube app,iOS YouTube应用,
YouTube screenshots,YouTube截图,
video player controls,视频播放器控件,
red progress bar,红色进度条,
timing information,时间信息,
Clojure function,Clojure函数,
Java 2D graphics libraries,Java 2D图形库,
Microso C++,Microsoft C++,
row,行,
playback percentage,播放百分比,
graphics APIs,图形API,
Onward,Onward,
Gene’s video excerpting tool,Gene的视频摘要工具,
complex task,复杂任务,
chat-based approach,基于聊天的方法,
prompts,提示,
"autonomous, agentic coding assistants",自主、有代理的编码助手,
security concerns,安全担忧,
developer loop,开发者循环,
"web-based, kanban-style list-making application",基于Web的看板式列表制作应用程序,
commands,命令,
curl,curl,
2011,2011,
Trello,Trello,
front ends,前端,
article URLs,文章URLs,
401,401,
HTTP errors,HTTP错误,
OAuth authorization header,OAuth授权头,
Clojure code,Clojure代码,
HTTP calls,HTTP调用,
OAuth,OAuth,
creative alternatives,创意替代方案,
unnecessary friction points,不必要的摩擦点,
development environment,开发环境,
MCP,MCP,
Model Context Protocol,模型上下文协议,
Steve’s Puppeteer Example,Steve的Puppeteer示例,
parallel breakthrough,平行突破,
visual front-end applications,视觉前端应用,
Node/React client,Node/React客户端,
TypeScript,TypeScript,
aging native clients,过时的本地客户端,
Sourcegraph coding agent,Sourcegraph编码代理,
VS Code,VS Code,
RPCs,远程过程调用,
client UI issues,客户端UI问题,
Puppeteer,Puppeteer,
JavaScript library,JavaScript库,
browser session,浏览器会话,
real-time,实时,
UI elements,用户界面元素,
client screens,客户端屏幕,
front-end client UI,前端客户端UI,
problems,问题,
feedback loop,反馈循环,
Puppeteering,Puppeteering,
connection issues,连接问题,
back-end game server,后端游戏服务器,
application states,应用程序状态,
kitchen tools,厨房工具,
Seeing Eye dog,导盲犬,
worker bee,工蜂,
Gene’s Trello API,Gene的Trello API,
terminal,终端,
MCP server,MCP服务器,
automation facilities,自动化设施,
high-quality code,高质量代码,
green field application,绿野应用,
test failures,测试失败,
use cases,用例,
go-to tools,常用工具,
industrial mixer,工业搅拌机,
whisk,打蛋器,
escape hatches,应急出口,
heavy machinery,重型机械,
high-level instructions,高级指令,
chat-based modality,基于聊天的模式,
downgrade,降级,
interface,接口,
typography,排版,
layouts,布局,
command line,命令行,
precision edger,精准修剪机,
utility knife,多用刀,
Dr.,博士,
The Future of Coding Agents,编码代理的未来,
test runner,测试执行器,
Claude Code agents,Claude Code 代理,
concentration,专注,
Supervisor agents,管理代理,
human cognitive load,人类认知负荷,
Agent meshes,代理网格,
scrappy chef,勇敢的厨师,
gourmet meal,美食,
interaction,交互,
AI collaborators,AI 协作者,
conversational problem-solving,对话式问题解决,
vibe coding sessions,氛围编码会话,
bulletproof prompt,万无一失的提示,
prompt engineering,提示工程,
traditional engineering discipline,传统工程学科,
iterative approach,迭代方法,
AI mistakes,AI错误,
Gene’s initial video editing prompts,Gene最初的视频编辑提示,
prompt engineers,提示工程师,
third draft,第三稿,
overall philosophy,整体理念,
chat,聊天,
text message conversation,短信对话,
legal brief,法律文件,
compile errors,编译错误,
runtime errors,运行时错误,
unexpected behavior,意外行为,
environment setup issues,环境设置问题,
chat session,聊天会话,
AI partner,AI伙伴,
course-correct,纠正方向,
build output,构建输出,
stack trace,堆栈跟踪,
actual versus expected output,实际与预期输出,
IDE issues,集成开发环境问题,
screenshot,屏幕截图,
logs,日志,
browser console,浏览器控制台,
terminal shell,终端外壳,
cryptic tooling,神秘的工具,
arcane parameters,神秘的参数,
30-second clip,30秒剪辑,
2:15,2:15,
audio,音频,
720p,720p,
database,数据库,
query,查询,
transactions,交易,
last quarter,上一季度,
amount,金额,
"$1,000","$1,000",
customer region,客户地区,
Git diffs,Git差异,
file,文件,
Git commit,Git提交,
Git investigation,Git调查,
surgery,手术,
Vague to Precise,从模糊到精确,
problem specification,问题规范,
tech leaders,技术领导者,
time zone consultant,时区顾问,
Unix epoch,Unix纪元,
datetime,datetime,
zoneinfo/pytz,zoneinfo/pytz,
epoch,纪元,
UTC,协调世界时,
utility functions,实用函数,
migration plan,迁移计划,
best practices,最佳实践,
first prompt,第一个提示,
messages,消息,
trust,信任,
clariﬁcations,澄清,
Prompt-craﬁng practice,提示构建练习,
error message,错误信息,
complex tool,复杂工具,
library,库,
NoSQL,NoSQL,
MySQL,MySQL,
Groovy,Groovy,
YAML,YAML,
GitHub Actions,GitHub Actions,
Vega-Lite,Vega-Lite,
Git repo,Git 仓库,
GitHub Branches,GitHub 分支,
iOS app,iOS 应用,
Swiﬁt,Swiﬁt,
Cambrian Explosion,寒武纪大爆发,
coding interfaces,编码接口,
Idan Gazit,Idan Gazit,
GitHub Next,GitHub Next,
chat interfaces,聊天界面,
agentic behaviors,代理行为,
Cambrian era,寒武纪时期,
coding phyla,编码门类,
podcast screenshots,播客截图,
manual task execution,手动任务执行,
conversational work flow,对话工作流程,
creative control,创意控制,
exponential productivity gains,指数级生产力提升,
vibe,节奏,
arcane tools,晦涩的工具,
agents,代理,
style,风格,
goals,目标,
mise en place,备料,
context saturation,上下文饱和,
clipboard manager,剪贴板管理器,
Alfred,Alfred,
Paste,Paste,
Ditto,Ditto,
ClipClip,ClipClip,
CopyQ,CopyQ,
Win+V,Win+V,
http,HTTP,
HTTPS,HTTPS,
FTP,FTP,
API,API,
Pin the Tail on the Donkey,贴尾巴游戏,
scripts,脚本,
MacOS,macOS,
cross-platform,跨平台,
web requests,网络请求,
security measures,安全措施,
editor,编辑器,
search process,搜索过程,
Superwhisper,Superwhisper,
dictation tool,语音输入工具,
transcription,转录,
context engineering,上下文工程,
AI collaboration,人工智能协作,
scrapbook,剪贴簿,
context overload,上下文过载,
context,上下文,
AI Sous Chef’s Clipboard,人工智能厨师剪贴板,
digital clipboards,数字剪贴板,
orders,订单,
instructions,指令,
current progress,当前进度,
changes,更改,
clipboards,剪贴板,
physical clipboard,物理剪贴板,
data,数据,
conversation,对话,
rules,规则,
capacity,容量,
average,平均值,
queries,查询,
words,单词,
heuristic,启发式方法,
mnemonic,助记符,
Google BERT family,谷歌BERT系列,
question classification,问题分类,
intent detection,意图检测,
context windows,上下文窗口,
tokens/words,标记/单词,
characters,字符,
frontier models,前沿模型,
Llama 4,Llama 4,
clipboard-measuring contest,剪贴板测量竞赛,
error prone,易出错,
Git repositories,Git仓库,
repository,仓库,
text string,文本字符串,
GitIngest,GitIngest,
Repomix,Repomix,
files-to-prompt,files-to-prompt,
model provider,模型提供商,
system prompt,系统提示,
core instructions,核心指令,
Figure 10.1,图10.1,
AI Model’s Context Window,AI模型上下文窗口,
initial prompt,初始提示,
clipboard space,剪贴板空间,
message objects,消息对象,
binary tree,二叉树,
IDE plug-in,IDE插件,
memory store,内存存储,
important principles,重要原则,
conversation object,对话对象,
token allowance,令牌配额,
cumulative token costs,累积令牌成本,
conversation history,对话历史,
painter,画家,
fence sections,栅栏部分,
painted fence,已涂漆的栅栏,
insidious cost,隐蔽成本,
Fiction.liveBench eval,Fiction.liveBench评估,
reason across,推理跨越,
Chapter 2,第二章,
Chapter 16,第十六章,
quick follow-up question,快速后续问题,
context culling,上下文清除,
context curation,上下文编纂,
save game,保存游戏,
checkpointing feature,检查点功能,
unwanted context,不想要的上下文,
bad path,错误路径,
rewind,回放,
future self,未来的自己,
wallet,钱包,
gluten allergies,严重麸质过敏,
kitchen,厨房,
AI context windows,AI上下文窗口,
context fills up,上下文填满,
research,研究,
capital LETTERS,大写字母,
chatbot,聊天机器人,
Alice,Alice,
Boston,波士顿,
blue Lexus,蓝色雷克萨斯,
Claude Sonnet,Claude Sonnet,
context window limit,上下文窗口限制,
chef's clipboard,厨师夹板,
input context window,输入上下文窗口,
capacity calculation,容量计算,
hand back,反馈,
output context window,输出上下文窗口,
Gemini 2.5 Pro,Gemini 2.5 Pro,
culinary projects,烹饪项目,
Simon Willison,Simon Willison,
web development,网页开发,
open-source software,开源软件,
data journalism,数据新闻学,
in-context learning,上下文学习,
database schemas,数据库模式,
sample data,示例数据,
API documentation,API 文档,
third-party services,第三方服务,
build and dependency files,构建和依赖文件,
Andrej Karpathy,安德烈·卡帕西,
source files,源文件,
files-to-prompt utility,文件到提示工具,
context management principles,上下文管理原则,
context management,上下文管理,
large-scale refactoring,大规模重构,
existing conventions,现有约定,
whole task graph,整个任务图,
context pieces,上下文片段,
recipe book,食谱,
kitchen’s style,厨房风格,
retrieval-augmented generation,检索增强生成,
Unix tools,Unix 工具,
grep,grep,
cat,cat,
sed,sed,
RAG,检索增强生成,
Boris Cherny,Boris Cherny,
Agentic search,代理搜索,
cutting corners,走捷径,
subpar work,次品工作,
Token vocabularies,标记词汇表,
Llama 2,Llama 2,
GPT-4o,GPT-4o,
functional programming,函数式编程,
Claude Artifacts,Claude Artifacts,
Gemini Canvas,Gemini Canvas,
CHAPTER 11,第11章,
HACKING,HACKING,
REWARD FUNCTION,奖励函数,
LIMITATIONS,限制,
ELEPHANT IN THE ROOM,房间里的大象,
COMPLETION,完成,
QUALITY STANDARDS,质量标准,
TECHNICAL DEBT,技术债务,
INTUITION,直觉,
EXCELLENCE,卓越,
SYSTEMATIC APPROACHES,系统方法,
CRITICAL FUNCTIONALITY,关键功能,
WORKING SOLUTIONS,工作解决方案,
UNFINISHED,未完成,
INCOMPLETE WORK,不完整的工作,
UNMAINTAINABLE,不可维护的,
IMMEDIATE GRATIFICATION,即时的满足感,
WORKING CODE,工作代码,
QUALITY ISSUES,质量问题,
DEARLY,昂贵地,
PRACTICAL TECHNIQUES,实用技术,
RUSHING THROUGH TASKS,草率完成任务,
BARE-MINIMUM STANDARDS,最低标准,
REQUIRED,需要,
litterbug,乱丢垃圾者,
slob,邋遢的人,
Baby-Counting,婴儿计数问题,
AI cheating,AI作弊,
burning house,燃烧的房子,
seven babies,七个婴儿,
soware developers,软件开发者,
unpredictability,不可预测性,
unrelated bugs,无关的bug,
cleanup code,清理代码,
refactor,重构,
critical code,关键代码,
important test cases,重要的测试用例,
happy path logic,快乐路径逻辑,
error cases,错误情况,
REPL session,REPL会话,
namespace,命名空间,
IntelliJ’s Local History log,IntelliJ的本地历史记录日志,
counting your babies,数你的孩子,
code diffs,代码差异,
mitigations,缓解措施,
Cardboard Mu-n Problem,纸板Mun问题,
hardcoded values,硬编码值,
muffins,松饼,
cardboard,纸板,
cardboard muffin problem,纸板松饼问题,
Claude 4 models,Claude 4 模型,
Half-Assing Problem,半心半意问题,
baby-counting problem,婴儿计数问题,
mocking,模拟,
data structure,数据结构,
redirection URL,重定向URL,
media types,媒体类型,
Blaise Pascal,Blaise Pascal,
HTTP call,HTTP调用,
dependency,依赖,
canonical method,规范方法,
return value,返回值,
optimal size,最优大小,
context space,上下文空间,
Google Secrets Manager,Google Secrets Manager,
logging,日志记录,
front-end program,前端程序,
try-catch blocks,try-catch块,
exception,异常,
marathon,马拉松,
console,控制台,
kitchen standards,厨房标准,
world-class techniques,世界级技术,
natural disaster,自然灾害,
digital partners,数字伙伴,
Key practices,关键实践,
count your babies,数你的孩子,
cardboard muffins,纸杯蛋糕,
underlying implementation,底层实现,
cleanup,清理,
AI paradox,AI悖论,
encyclopedic knowledge,百科全书式知识,
bare-minimum implementations,最低限度实现,
reward-function hijacking,奖励函数劫持,
full potential,全部潜力,
IntelliJ,IntelliJ,
Local History snapshots,本地历史快照,
recovery techniques,恢复技术,
Mark Twain,马克·吐温,
systemic weaknesses,系统性弱点,
task graphs,任务图,
tracer bullets,追踪弹,
parallel development streams,并行开发流,
strategic oversight,战略监督,
tactical execution,战术执行,
Steve’s,Steve的,
senior colleagues,资深同事,
production setting,生产环境,
GPS,GPS,
global authentication system,全球身份验证系统,
distributed cache,分布式缓存,
eventual consistency,最终一致性,
Steve’s friends,Steve的朋友,
system architecture,系统架构,
refactoring,重构,
module,模块,
network topology,网络拓扑,
corner-cutting tendencies,走捷径的倾向,
robotic collaborators,机器人协作伙伴,
write/run/debug loop,编写/运行/调试循环,
AI skeptics,AI怀疑者,
hands-on experience,实际操作经验,
digital teammates,数字队友,
Amp,Amp,
Slack channel,Slack频道,
Emi,Emi,
autonomous coding agent,自主编码代理,
early 2025,2025年初,
Sourcegraph colleague,Sourcegraph同事,
full convert,完全转变,
aha moment,顿悟时刻,
highly talented engineering peers,非常有才华的工程同行,
enterprise devs,企业开发者,
10x multiplier,10倍乘数,
AI progress,AI进展,
Co-Intelligence,共智,
Wharton professor,沃顿商学院教授,
jagged frontier,锯齿前沿,
work with AI,与AI合作,
hands-on exploration,实际探索,
discovery,发现,
real magic,真正的魔法,
pitfalls,陷阱,
bad experiences,不良体验,
ingerspitzengefuhl,ingerspitzengefuhl,
hundreds of hours,数百小时,
Dr. Ethan Mollick,Ethan Mollick博士,
programming partner,编程伙伴,
Hacker News,Hacker News,
cruise control,巡航控制,
motorhomes/RVs,房车/旅行拖车,
developer loops,开发者循环,
Your Kitchen,您的厨房,
AI Robots,AI机器人,
sauté,煎,
grill,烤,
braise,炖,
AI-coding assistant,AI编码助手,
banner component,横幅组件,
external service,外部服务,
cost overrun,成本超支,
accountability,问责制,
organizational learnings,组织学习,
guardrails,安全栏,
security-sensitive,安全敏感,
performance-critical,性能关键,
absolute correctness,绝对正确,
online launch checklist,在线发布清单,
internal teams,内部团队,
services,服务,
complex tasks,复杂任务,
AI coding demos,人工智能编码演示,
one-shot wonder,一次性奇迹,
vague goals,模糊的目标,
clear specifications,清晰的规格说明,
big problems,大问题,
manageable pieces,可管理的部分,
hierarchical roadmap,分层路线图,
complex dinner party,复杂的晚宴,
course categories,菜系分类,
appetizers,开胃菜,
mains,主菜,
desserts,甜点,
sauces,酱料,
garnishes,装饰,
plating elements,装盘元素,
recipes,食谱,
timing,时间安排,
sourcing ingredients,采购原料,
Gene’s video excerpt generator,Gene的视频摘录生成器,
extract video,提取视频,
transform transcript,转换文本,
generate captions,生成字幕,
e-commerce platform,电子商务平台,
charcuterie hobbyists,腌制肉类爱好者,
homegrown charcuterie marketplace,本土腌制肉类市场,
Figure 12.1,图12.1,
Web Back end,Web后端,
Custom charcuterie,定制熟食,
photo uploads,照片上传,
Product catalog,产品目录,
Transport and fulfillment,运输和履行,
Health board certifications,健康董事会认证,
CI/CD Pipeline,CI/CD流水线,
Build and test automation,构建和测试自动化,
Docker configuration,Docker配置,
Deployment automation,部署自动化,
Provisioning,提供,
Cloud infrastructure,云基础设施,
Database infrastructure,数据库基础设施,
Backup and recovery,备份和恢复,
Example Large Project Task Graph,示例大型项目任务图,
AI Handling,AI处理,
Description 2,描述2,
senior developers,资深开发者,
tree,树,
success criteria,成功标准,
democratized,民主化,
non-technical roles,非技术角色,
contribute directly,直接贡献,
coordinators,协调者,
reviewers,审阅者,
technical workforce,技术团队,
system,系统,
boundaries,边界,
burndown charts,燃尽图,
AI-assisted projects,人工智能辅助项目,
incremental plan,增量计划,
structured practices,结构化实践,
production quality solution,生产质量解决方案,
Tracer Bullet Principle,弹道轨迹原则,
tracer bullet,弹道轨迹,
functionalities,功能,
master chefs,大师级厨师,
ingredient prep,原料准备,
final plating,最终摆盘,
execution order,执行顺序,
to-do application,待办事项应用,
Add Task,添加任务,
data processing pipeline,数据处理管道,
data format,数据格式,
ingestion,摄取,
transformation,转换,
storage,存储,
basic visualization,基本可视化,
implementation patterns,实现模式,
modular interfaces,模块化接口,
user capability,用户能力,
"minimum, yet complete",最小且完整,
Gradle Conversion,Gradle 转换,
vibe coding pairing session,感觉编码配对会话,
Google Cloud Platform,Google Cloud Platform,
cloud VM instances,云虚拟机实例,
code and content builds,代码和内容构建,
player accounts,玩家账户,
scaffolding,脚手架,
core services,核心服务,
independent subcommands,独立子命令,
similar interfaces,相似接口,
main(),main(),
CLI invocation,命令行调用,
Java virtual machine,Java虚拟机,
JVM ecosystem,JVM生态系统,
Ruby MySQL support,Ruby MySQL支持,
admin tool,管理工具,
admin command,管理命令,
shared base class,共享基类,
utilities,实用工具,
Figure 12.2,图12.2,
sandbox,沙盒,
staging environment,测试环境,
networking,网络,
shell-escaping issues,shell转义问题,
build system,构建系统,
Gradle,Gradle,
build automation tool,构建自动化工具,
Rake,Rake,
npm scripts,npm脚本,
launcher,启动器,
Kotlin code,Kotlin代码,
dependencies,依赖关系,
program,程序,
log stuff,日志记录,
Ruby script,Ruby脚本,
Kotlin application,Kotlin应用程序,
critical path,关键路径,
fallback,备选方案,
session,会话,
minimal Gradle configuration,最小化Gradle配置,
Hello World,Hello World,
command-line argument parser,命令行参数解析器,
submodule,子模块,
technology,技术,
effort,工作量,
software projects,软件项目,
predicting,预测,
frustration,挫败感,
super-fast AI,超快人工智能,
Adrian Cockcroft,Adrian Cockcroft,
Netﬂix,Netflix,
cloud migration journey,云迁移之旅,
millions of dollars,数百万美元,
timelines,时间表,
shiny new car,闪亮的新车,
AI modality,AI模式,
speed gauges,速度计,
Agile community,敏捷社区,
estimates,估计,
oven’s heat,烤箱热度,
Ruby-to- Kotlin conversion,Ruby到Kotlin的转换,
build configuration,构建配置,
AI hallucinated APIs,AI产生的API,
human-like AI partners,类似人类的AI伙伴,
rewriting that function,重写那个函数,
different pattern,不同的模式,
Flutter,Flutter,
ported,移植,
Steve’s Gradle speed bump,Steve的Gradle速度障碍,
straightforward Ruby-to- Kotlin conversion,直接的Ruby到Kotlin的转换,
build conﬁguration,构建配置,
inexplicable blindness,无法解释的盲点,
two-minute task,两分钟的任务,
Coddle Your AI,溺爱你的AI,
psychological barrier,心理障碍,
human-like,类似人类,
superhuman amounts of work,超人类的工作量,
class,类,
port,移植,
app,应用程序,
complaints,抱怨,
quit in frustration,因沮丧而辞职,
indecision,犹豫不决,
jobs at a better kitchen,更好的厨房的工作,
add,添加,
monthly bill,月度账单,
transactionally,交易性地,
Monthly plans,月度计划,
rate limits,速率限制,
AI inference costs,AI推理成本,
Dopamine Trap,多巴胺陷阱,
payout,回报,
intermittent reinforcement schedule,间歇性强化日程,
addictive,上瘾的,
late-night testing odyssey,深夜测试之旅,
retroactive unit and integration tests,事后单元和集成测试,
writer’s workbench tool,写作工作台工具,
accumulated features,累积的功能,
sprint,冲刺,
Gene and Steve,Gene 和 Steve,
important functionality,重要功能,
dopamine,多巴胺,
monkey patching,猴子补丁技术,
adrenaline,肾上腺素,
slot-machine dynamic,老虎机动态,
development team,开发团队,
development organization,开发组织,
hands-on practice,实际操作练习,
intuitions,直觉,
goalposts,目标点,
model release,模型发布,
Grove’s delegation framework,Grove的委派框架,
AI problems,AI问题,
half-assing,草率完成,
litterbug behavior,乱丢垃圾的行为,
Apollo space program,美国阿波罗太空计划,
NASA,NASA,
radio communication,无线电通信,
Mission Control,任务控制中心,
astronaut,宇航员,
training or replacement crew,训练或替换机组人员,
charts,图表,
ight simulators,光线模拟器,
Black Ships,黑船,
Apollo program,阿波罗计划,
delegate,代表,
captain,船长,
AI coding agents,AI编码代理,
previous interactions,之前的交互,
attention,注意力,
written plans,书面计划,
long-term memory,长期记忆,
intentions,意图,
human and AI minds,人和AI的思维,
output,输出,
pass,通道,
Michelin star standards,米其林星级标准,
human apprentice,人类学徒,
unexpected bill,意外账单,
runaway AI process,失控的AI进程,
toque,厨师帽,
review,审查,
validate,验证,
volume,数量,
options,选项,
team lead,团队领导,
orchestrating,指挥,
multiple AI agents,多个AI代理,
parallel development,并行开发,
change integration,变更集成,
standard setting,标准设置,
mechanics,机制,
practical,实际,
real-world practices,现实世界的实践,
inner,内部,
middle,中间,
outer,外部,
development loops,开发循环,
day-to-day interactions,日常互动,
coding sessions,编码会话,
project momentum,项目动力,
ambitious goals,雄心勃勃的目标,
German term,德语术语,
ngertip feeling,指尖感觉,
situational awareness,情境意识,
tact,机智,
social interactions,社交互动,
Christoph Neumann,克里斯托夫·诺伊曼,
Nate Jones,内特·琼斯,
Functional Design in Clojure,Clojure中的函数式设计,
podcast,播客,
LOC,代码行数,
cheaper AI models,更便宜的AI模型,
current level,当前水平,
home systems,家庭系统,
prevaricates,拖延,
misrepresents,歪曲,
Chapter 10,第10章,
single agent,单个代理,
multitasking,多任务处理,
professional kitchen,专业厨房,
different timescales,不同时间尺度,
chopping vegetables,切菜,
planning next week’s menu,规划下周菜单,
fast inner loop,快速内循环,
slower middle loop,较慢的中循环,
long-running outer loop,长期运行的外循环,
loops,循环,
"inner, middle, and outer",内、中、外,
traditional “inner and outer development loop”,传统的“内和外开发循环”,
compile/test/run,编译/测试/运行,
integrate/deploy,集成/部署,
weekly milestones,每周里程碑,
long-term objectives,长期目标,
quick answers,快速回答,
complex development,复杂开发,
three loops,三个循环,
timeframes,时间段,
"preventive, detective, and corrective controls",预防、侦查和纠正控制,
potential problems,潜在问题,
vibe coding with AI,使用 AI 进行 Vibe 编码,
huge array of tools,大量工具,
specialized tools,专用工具,
active team member,活跃团队成员,
existing systems,现有系统,
Chapter 13,第13章,
Navigating the Cambrian Explosion of Developer Tools,导航开发者工具的寒武纪大爆发,
Chapter 14,第14章,
The Inner Loop,内循环,
fast-paced,快速,
quick instructions,快速指令,
instant feedback,即时反馈,
Middle Loop,中循环,
chefs,厨师,
ingredients,原料,
service,服务,
work handoffs,工作交接,
Outer Loop,外循环,
menu planning,菜单规划,
kitchen improvement,厨房改进,
tactical coding,战术编码,
work flow automation,工作流程自动化,
software industry,软件行业,
inner and outer loop,内循环和外循环,
dedicated coding agents,专用编码代理,
toolchain,工具链,
Emacs,Emacs,
game’s UI,游戏用户界面,
call for presentations,征召演讲,
CFP,征召演讲,
Language Server Protocol,语言服务器协议,
person-years,人年,
cloud,云,
code-search systems,代码搜索系统,
refactoring tools,重构工具,
boilerplate,模板代码,
Chatbots,聊天机器人,
iPad Pro,iPad Pro,
Voice Mode,语音模式,
writer’s workbench,作家的工作台,
candidate dras,候选草稿,
HashMap,HashMap,
agent orchestration,代理编排,
custom pasta maker,定制意面机,
specialized training,专业培训,
Anthropic’s Model Context Protocol,Anthropic的模型上下文协议,
on-the-job-training,在职培训,
remote-control system,远程控制系统,
AI agent,AI代理,
data source,数据源,
tool output,工具输出,
game client UI,游戏客户端用户界面,
"game, Wyvern",游戏，巨龙,
web browser interactions,网络浏览器交互,
CSS selector,CSS选择器,
HTML DOM element,HTML DOM元素,
MCP Technical Implementation,MCP技术实现,
Kevin Scott,Kevin Scott,
MCP Architecture,MCP架构,
MCP client,MCP客户端,
MCP servers,MCP服务器,
Claude Desktop,Claude桌面应用,
client,客户端,
Postgres,Postgres,
Zoom,Zoom,
Cloud services,云服务,
Sentry,Sentry,
remote procedure call,远程过程调用,
JSON-RPC 2.0,JSON-RPC 2.0,
WebSocket,WebSocket,
back-end,后端,
jsonrpc,jsonrpc,
id,request-id,
RPC,远程过程调用,
fetch_weather,fetch_weather,
response-id,response-id,
vocabulary,词汇表,
SDK,软件开发工具包,
list_tools,list_tools,
fetch_weather(date),fetch_weather(日期),
tool definitions,工具定义,
type annotations,类型注解,
Java Servlet,Java Servlet,
ModelContextProtocol.io,ModelContextProtocol.io,
weather service,天气服务,
weather report,天气报告,
weather alerts,天气警报,
output format,输出格式,
world,世界,
robust validation and verification processes,稳健的验证和验证流程,
programming committee call,编程委员会会议,
test case,测试用例,
original source code,原始源代码,
null pointer exception error,空指针异常错误,
AI change,AI 更改,
issue,问题,
enterprise-scale code search,企业级代码搜索,
correct solutions,正确解决方案,
Google’s A2A (Agent to Agent) Protocol,谷歌的 A2A（代理到代理）协议,
standards wars,标准战,
inner developer loop,内部开发者循环,
Captain Jack Aubrey,杰克·奥布里船长,
traditional manual coding,传统手动编码,
compile,编译,
run,运行,
test,测试,
debug,调试,
Figure 14.1,图14.1,
three different timescales,三个不同时间尺度,
seconds to minutes,秒到分钟,
hours to days,小时到天,
weeks to months,周到月,
Figure 14.2,图14.2,
Figure,图,
Developer Loop Timescales,开发者循环时间尺度,
loop,循环,
source code,源代码,
requests,请求,
test results,测试结果,
Figure 14.3,图 14.3,
Vibe Coding Developer Loop Description,Vibe 编程开发者循环描述,
high-frequency collaboration,高频协作,
AI-digestible bites,AI可消化的片段,
sanity-saving,保持理智的,
Git maestro,Git大师,
detailed specifications,详细规格,
detection,检测,
inner loop,内部循环,
prep station,准备站,
ingredient,成分,
final dish,最终菜肴,
viscerally,直观地,
"small, frequent interactions",小而频繁的交互,
course-corrects,纠偏,
prevention-detection-correction cycle,预防-检测-纠正周期,
"fast, focused work flow",快速、专注的工作流程,
safety net,安全网,
recovery systems,恢复系统,
execute at scale,大规模执行,
risk,风险,
quality gates,质量门,
comprehensive tests,全面的测试,
advanced Git mastery,高级Git掌握,
prevention practices,预防实践,
vibe coding portfolio,感觉编码投资组合,
prevention work flow,预防工作流程,
ambitious and fun projects,雄心勃勃且有趣的项目,
checkpoints,检查点,
commit messages,提交信息,
Linux kernel,Linux 内核,
Linus Torvalds,Linus Torvalds,
acceptance tests,验收测试,
test-driven development,测试驱动开发,
AI-generated implementation,AI生成实现,
behavior-driven development,行为驱动开发,
given-when-then format,给定-当-然后格式,
boundary conditions,边界条件,
error scenarios,错误场景,
regression test suites,回归测试套件,
world-class specification practices,世界级规范实践,
ranking system,排名系统,
parallelized smaller ones,并行化的较小调用,
tournament-style ranking plan,锦标赛式排名计划,
implementation strategies,实施策略,
performance benchmarks,性能基准,
ASCII art diagrams,ASCII艺术图,
algorithms,算法,
one-pass ranking method,单遍排名方法,
test plans,测试计划,
fine-grained test cases,细粒度测试用例,
traditional programming,传统编程,
integration tests,集成测试,
UI smoke tests,UI冒烟测试,
obscure remote edge cases,隐晦的远程边缘情况,
random scripts,随机脚本,
testing framework,测试框架,
Eyeball,仔细审视,
intent,意图,
improvements,改进,
automated testing,自动化测试,
developer machine,开发者机器,
file change,文件更改,
feedback,反馈,
AI colors,AI 颜色,
functionality,功能,
clarity,清晰度,
discipline,纪律,
isolation,隔离,
retrofit,改造,
Steve’s game,Steve 的游戏,
accumulated,积累,
modular code,模块化代码,
structural issues,结构性问题,
modular,模块化,
ambition,雄心,
creativity,创造力,
branching,分支,
merging,合并,
rebasing,变基,
git log -p,git log -p,
diff,差异,
commit code,提交代码,
checkpointed,检查点,
version control branches,版本控制分支,
vim,vim,
roll back,回滚,
deleted tests,已删除的测试,
missing files,缺失的文件,
vanished code,消失的代码,
checkpointing playbook,检查点操作手册,
high-pressure kitchen,高压力厨房,
catastrophic failures,灾难性故障,
monitoring,监控,
healthy paranoia,健康的多疑,
early warning systems,早期预警系统,
Markdown plan,Markdown计划,
☑COMPLETE,☑完成,
PYTHONTEST FIXPLAN.md,PYTHONTEST修复计划.md,
x-hanging-tests.gradle.kts,x-hanging-tests.gradle.kts,
server/build.gradle.kts,server/build.gradle.kts,
debug/test scripts,调试/测试脚本,
PythonTestBase,PythonTestBase,
test les,测试文件,
Disabled,禁用,
Python interpreter,Python解释器,
test isolation,测试隔离,
timeout,超时,
reward hijacking,奖励篡改,
test-driven,测试驱动,
automated tests,自动化测试,
Google Test Automation Platform,Google 测试自动化平台,
statistical analysis,统计分析,
bug backlogs,缺陷积压,
emotional half-life,情感半衰期,
security vulnerabilities,安全漏洞,
developer’s IDE,开发人员的集成开发环境,
red squiggles,红色波浪线,
continuous delivery,持续交付,
broken windows,破碎的窗户,
quality over quantity,质量优于数量,
loosely coupled architectures,松耦合架构,
fast feedback,快速反馈,
granular functions,细粒度功能,
integration,集成,
prettied tree structure,美化树状结构,
settings.gradle,settings.gradle,
Google Docs API,Google Docs API,
Bash,Bash,
wait command,wait命令,
Bourne shell,Bourne shell,
ticket,工单,
cleanup duty,清理职责,
fresh bugs,新错误,
AGENTS.md,AGENTS.md,
calamity,灾难,
hierarchy of response,响应层级,
linting,代码检查,
cleanup processes,清理过程,
response,响应,
protocols,协议,
crisis,危机,
Fix Forward,向前修复,
checkpointing,检查点,
conundrum,难题,
upsides,优点,
downsides,缺点,
Godzilla and Tokyo,哥斯拉和东京,
forty hours,四十小时,
optimists,乐观主义者,
fantastic changes,出色变化,
fix a lot of issues,修复了许多问题,
git bisect,git 二分查找,
binary search,二分搜索,
correction,纠正,
inner development loop,内部开发循环,
code quality,代码质量,
algorithmic appropriateness,算法适用性,
efficiency,效率,
Rube Goldberg machine,鲁布·戈尔伯格机械装置,
error/warning cleanup,错误/警告清理,
tidying up,整理,
compiler squawks,编译器噪音,
robust error handling,健壮的错误处理,
debug cruft,调试垃圾,
directories,目录,
consistent formatting,一致的格式化,
task,任务,
latency issues,延迟问题,
user scenarios,用户场景,
failing code paths,失败的代码路径,
logging statements,日志语句,
hypothesize,假设,
methodical approach,有条理的方法,
context window saturation,上下文窗口饱和,
debuggerV,调试器,
breakpoints,断点,
idempotent API,幂等API,
ProcessBuilder,ProcessBuilder,
plain Java shell execution,plain Java shell execution,
rubber ducking,rubber ducking,
structured logging,structured logging,
code bugs,code bugs,
rubber duck,rubber duck,
output tokens,output tokens,
Master and Commander,《船长高德纳》,
Aubrey,奥布里,
SHA-1,SHA-1,
normalization of deviance,偏差正常化,
US Space Shuttle Challenger,美国航天飞机挑战者号,
O-rings,O型圈,
John Carmack,约翰·卡马克,
DOOM,DOOM,
Quake,雷神之锤,
THE MIDDLE DEVELOPER LOOP,中间开发者循环,
work sessions,工作会话,
memory-challenged sous chefs,记忆力不佳的副厨师,
Memento Method,备忘录方法,
multiple agents,多个代理,
coordination protocols,协调协议,
collision,碰撞,
productive,高效,
multi-session infrastructure,多会话基础设施,
lost context,丢失上下文,
duplicated effort,重复努力,
coordination difficulty,协调困难,
C++ exceptions,C++ 异常,
coding guidelines,编码规范,
golden rules,黄金规则,
global variables,全局变量,
secrets manager,密钥管理器,
nested functions,嵌套函数,
typed languages,强类型语言,
wildcard,通配符,
Catherine Olsson,Catherine Olsson,
technical staff,技术团队,
Catherine,凯瑟琳,
preventive controls,预防措施,
world-class,世界级的,
catering,餐饮服务,
days of preparation,多日准备,
Steve’s team,Steve的团队,
critical instructions,关键指令,
compaction,压缩,
language,语言,
robustness,鲁棒性,
log messages,日志消息,
verbose build outputs,冗长的构建输出,
compactions,压缩操作,
Markdown file,Markdown文件,
external memory,外部存储,
Memento,记忆碎片,
protagonist,主角,
notes and tattoos,笔记和纹身,
artificial memory,人工记忆,
written artifacts,书面文档,
session transitions,会话转换,
mitigation strategy,缓解策略,
Design for AI Manufacturing,为AI制造设计,
AI Grain,AI核心,
shelves,货架,
essential tools,基本工具,
stumbling-block situations,绊脚石情况,
eldritch horrors,古怪恐怖,
grepping,grep 操作,
modules,模块,
function,函数,
professional vibe coding,专业编程氛围,
Erlang,Erlang,
concurrency performance,并发性能,
assembly line,装配线,
AI workers,AI 工作者,
build systems,构建系统,
open-source code,开源代码,
frameworks,框架,
Svelte,Svelte,
Git repos,Git 仓库,
Emacs Lisp,Emacs Lisp,
context window limits,上下文窗口限制,
AIs,人工智能,
niche dialect,特定方言,
rewiring old habits,改掉旧习惯,
Free Models,免费模型,
OSS models,开源模型,
memory space,内存空间,
inference prices,推理价格,
cutting board,切菜板,
knife,刀,
working area,工作区域,
days since last accident,上次事故以来的天数,
calendar,日历,
staff,员工,
results,结果,
multitask,多任务处理,
components,组件,
tech lead,技术负责人,
director,导演,
Multi-Agent Maestro,多代理大师,
coding assistants,编码助手,
agentic capabilities,代理能力,
system resources,系统资源,
linting and correction,代码检查和修正,
internationalization,国际化,
error handling logic,错误处理逻辑,
source file,源文件,
user-facing strings,用户界面字符串,
merge overlaps,合并重叠,
mutual exclusion,互斥,
coordination mechanisms,协调机制,
processes collide,流程冲突,
rework,返工,
service windows,服务窗口,
Claude Code Best Practices,Claude最佳实践指南,
iteration,迭代,
OpenAI Codex team,OpenAI Codex团队,
first draft,初稿,
Markdown summary,Markdown总结,
multi-user scenarios,多用户场景,
development environments,开发环境,
workows,工作流,
shared resources,共享资源,
ports,端口,
repos,仓库,
databases,数据库,
memory,内存,
CPU,CPU,
Model Control Protocol,模型控制协议,
thread safety issues,线程安全问题,
rate limiting conflicts,速率限制冲突,
resource exhaustion problems,资源耗尽问题,
disaster-recovery hierarchy,灾难恢复层次结构,
repetitive tasks,重复性任务,
FAAFO gains,FAAFO收益,
Kitchen Line Stress Tests,厨房生产线压力测试,
campylobacteriosis,弧形杆菌病,
Kitchen Line Stress Test,厨房生产线压力测试,
tracer bullet approach,跟踪弹法,
mechanical advantage,机械优势,
Workflow Automation,工作流程自动化,
chat sessions,聊天会话,
copy/paste operation,复制粘贴操作,
cognitive flow,认知流程,
context switch,上下文切换,
subtle errors,细微错误,
experiment cycle,实验周期,
rapid iteration,快速迭代,
tooling landscape,工具环境,
"sharp knives, no food processor",锋利的刀，没有搅拌机,
Markdown checklists,Markdown 清单,
cognitive overhead,认知开销,
helper agent,辅助代理,
new features,新特性,
bug reports,错误报告,
backlogs,待办事项列表,
incidents,事件,
telemetry,遥测数据,
triaging,分类,
community,社区,
duplicates,重复,
Dr. Carliss Baldwin,卡尔利斯·鲍德温博士,
mix and match,混搭,
all or nothing,全有或全无,
micro-automation,微自动化,
spiral stair,螺旋楼梯,
cosmic horrors,宇宙恐怖,
surgical precision,外科精准,
erent,的,
stati,统计,
ons,量,
di,第,
sh,十,
Idle Agents,空闲代理,
self-critique,自我批评,
core,核心,
tracer,tracer,
scripting,脚本编写,
slinging,摆动,
strategic,战略的,
long-term,长期的,
direction,方向,
ambitious,雄心勃勃的,
multi-week,多周的,
multi-month,多月的,
value,价值,
maxed-out,满载的,
M4 Mac Mini,M4 Mac Mini,
OSS model,开源模型,
local,本地,
H.P. Lovecraft,H.P. Lovecraft,
cosmic monsters,宇宙怪物,
alien,外星,
incomprehensible,不可理解的,
perceiving,感知,
humans,人类,
insane,疯狂,
THE OUTER DEVELOPER LOOP,外部开发者循环,
kitchen bustle,厨房繁忙,
supply chain,供应链,
outer-loop mastery,外部循环精通,
stewnamis,混乱,
internal APIs,内部 API,
Steve’s multi-agent merge rescue,Steve 的多代理合并救援,
Gene’s API rollback near miss,Gene 的 API 回滚险些失败,
architectural safeguards,架构保护措施,
operational issues,运营问题,
API breakage,API 破坏,
workspace collisions,工作空间冲突,
systematic boundaries,系统边界,
auditing practices,审计实践,
multi-agent coordination,多代理协调,
application programming interface,应用程序编程接口,
Google Cloud,谷歌云,
2020,2020,
Git commit hash,Git提交哈希,
code accretion,代码累积,
code destruction,代码破坏,
Figure 16.1,图16.1,
Rich Hickey,Rich Hickey,
A History of Clojure,A History of Clojure,
ACM on Programming Languages,ACM on Programming Languages,
SRC-d,SRC-d,
Hercules,Hercules,
Git History Analysis,Git历史分析,
GitHub Repository,GitHub仓库,
JetBrains,JetBrains,
backward compatibility,向后兼容性,
horizontal slices,水平切片,
smooth sailing,平稳航行,
jagged mountainous downward slopes,锯齿状的山坡向下倾斜,
API contracts,API 合同,
user base,用户基础,
incompatible,不兼容的,
excuse,借口,
Stewnami,Stewnami,
pastry chef,糕点厨师,
batter,面糊,
dinner service,晚餐服务,
production systems,生产系统,
terminal windows,终端窗口,
staging,预演,
coding agent workspace confusion,编码代理工作空间混淆,
partitioning,分区,
markers,标记,
signposts,路标,
indirection,间接,
repositories,仓库,
API endpoints,API 端点,
Wyvern game project,Wyvern游戏项目,
wrong workspaces,错误的工作空间,
TypeScript client,TypeScript客户端,
main Java game,主Java游戏,
monorepo,单仓库,
cognitive disconnect,认知脱节,
significant,重大的,
waste,浪费,
frogs,青蛙,
war rooms,作战室,
clear boundaries,清晰的边界,
workspaces,工作空间,
sandboxed,沙箱化的,
honor system,荣誉制度,
Docker container,Docker容器,
branch names,分支名称,
coding workspaces,编码工作空间,
Gradle module name remappings,Gradle模块名称重映射,
preventive road signs,预防道路标志,
road signs,道路标志,
right window,正确的窗口,
directory,目录,
Git branch,Git 分支,
workspace,工作区,
significant accidents,重大事故,
warning signs,警示标志,
silent ones,沉默的问题,
minimalism,极简主义,
"complex, permanent network of tubes",复杂且永久的管道网络,
water line,供水管,
minimalism and modularity,极简主义和模块化,
Gene’s haunted eldritch code base,Gene 的鬼魂般令人不安的代码库,
UI spinner,UI 切换器,
mock infrastructure,模拟基础设施,
context window limitations,上下文窗口限制,
concrete enforcements,具体实施,
new library,新库,
new file,新文件,
code budgets,代码预算,
refactor aâfter,重构后,
conciseness,简洁性,
readability,可读性,
elegance,优雅性,
unnecessary dependencies,不必要的依赖,
standard library functions,标准库函数,
surgical commits,外科手术式提交,
unrelated code paths,无关代码路径,
sandboxing,沙箱化,
interface immutability,接口不可变性,
diff reviews,diff审查,
sprawl,蔓延,
architecture audits,架构审计,
coupling violations,耦合违规,
industrial kitchen brigade,工业厨房团队,
sharp memory,敏锐的记忆,
productivity beneâts,生产力益处,
challenges and complexities,挑战和复杂性,
cognitive load,认知负荷,
terminal sessions,终端会话,
workstream,工作流,
project branch,项目分支,
kitchen’s clipboard,厨房便签,
pandemonium,混乱,
productive capacity,生产力,
organizational work,组织工作,
global coordination,全球协调,
window organization tools,窗口组织工具,
merge processes,合并过程,
coordination documents,协调文档,
context sharing facilities,上下文共享设施,
coordination functionality,协调功能,
directory structures,目录结构,
repository clones,仓库克隆,
terminal workspaces,终端工作区,
modular architecture,模块化架构,
code slinging,代码抛掷,
task descriptions,任务描述,
standard industry tools,标准行业工具,
workspace multitasking issues,工作区多任务处理问题,
Go services,Go服务,
auditors,审计员,
pull request,pull请求,
programming language,编程语言,
risk level,风险等级,
Table 16.1,表16.1,
LGTM,LGTM,
Black box,黑盒,
White box,白盒,
execution paths,执行路径,
private implementation details,私有实现细节,
point failures,点故障,
system-wide,系统级的,
quadrants,象限,
Know Tech Well,熟悉技术,
white-box audit,白盒审计,
race conditions,竞态条件,
unchecked edge cases,未检查的边缘情况,
black-box testing,黑盒测试,
seven-course meal,七道菜,
production server,生产服务器,
game clients,游戏客户端,
mission-critical service,关键任务服务,
multi-layered approach,多层次方法,
red flags,红旗,
Rust’s ownership model,Rust的所有权模型,
Go’s concurrency patterns,Go的并发模式,
deleteAllData(),deleteAllData(),
side project,副项目,
smoke tests,冒烟测试,
research automation tools,研究自动化工具,
data-analysis utility,数据分析工具,
input data,输入数据,
output data,输出数据,
grinder,磨豆机,
espresso,浓缩咖啡,
classic-style vibe coding,经典风格编码,
engineer brain,工程师思维,
exponentials,指数,
"primitive, reptilian brain",原始的爬行动物脑,
Wyvern’s tests,Wyvern测试,
JVM Spock testing framework,JVM Spock测试框架,
Kotlin-based test framework,基于Kotlin的测试框架,
setup() and teardown(),setup()和teardown(),
Spock,Spock,
test functionality,测试功能,
online auction settlement process,在线拍卖结算流程,
SPSS,SPSS,
cluster analyses,聚类分析,
Python notebook,Python笔记本,
Google Colab,Google Colab,
black-box checks,黑盒检查,
calculations and clusters,计算和聚类,
Trello front-end application,Trello前端应用,
"high risk, know tech poorly",高风险，技术了解不足,
audit around the box,黑盒测试,
black-box test,黑盒测试,
Rust,Rust,
REST,REST,
ranking process,排名过程,
validation,验证,
PM,产品经理,
customer feedback,客户反馈,
support tickets,支持工单,
reviews,评论,
forum posts,论坛帖子,
recurring pain points,反复出现的痛点,
popular requests,受欢迎的请求,
user stories,用户故事,
acceptance criteria,验收标准,
A/B tests,A/B测试,
experiments,实验,
market size,市场规模,
unique edge,独特优势,
customer journey maps,客户旅程图,
friction points,摩擦点,
Aha! moments,啊哈时刻,
user experience,用户体验,
FAAFO!,FAAFO!,
dashboards,仪表板,
oven,烤箱,
stove,炉灶,
pantry shelf,储藏室货架,
ingredient stocks,原料库存,
detect signs of trouble,检测出问题迹象,
seasoned PM,经验丰富的产品经理,
fire-fighting,灭火,
shoe launch event,鞋类发布会事件,
tens of thousands,数以万计,
sneakers,运动鞋,
ordering pipeline,订单处理流程,
Java stacks,Java堆栈,
log files,日志文件,
external transport-options service,外部传输选项服务,
failed orders,失败的订单,
confusion and disruption,混乱和中断,
Jeff Bezos,杰夫·贝索斯,
speculative sci-fi,科幻设想,
telemetry data,遥测数据,
log output,日志输出,
reactive troubleshooting,反应式故障排除,
"proactive, preventive, and corrective",主动的、预防的、纠正的,
snapshotting tools,快照工具,
console logs,控制台日志,
JavaScript snippets,JavaScript代码片段,
operational playbooks,运营剧本,
decision trees,决策树,
diagnostics,诊断,
production logs,生产日志,
suspicious regions,可疑区域,
relevant code,相关代码,
fix proposals,修复建议,
command,指挥,
wishful thinking,一厢情愿的想法,
AI-driven observability,AI驱动可观察性,
catastrophic data loss,灾难性数据丢失,
systematic pipeline monitoring,系统化管道监控,
near-misses,险些错过的情况,
competitive advantages,竞争优势,
systematic detection,系统化检测,
AI-based detection,基于AI的检测,
Nobel Prize laureates,诺贝尔奖得主,
Symphony of Sugar,糖之交响曲,
Formula 1,一级方程式,
Node.js,Node.js,
Steam,Steam,
Bitbucket,Bitbucket,
main,main,
game client,游戏客户端,
week,周,
"$3,000",3000美元,
node server,Node服务器,
client source code,客户端源代码,
open terminal session,打开的终端会话,
Earth,地球,
files,文件,
save,保存,
git add,git添加,
force-push,强制推送,
PRs,PRs（Pull Request）,
week of work,一周的工作,
branch litterbug,分支垃圾虫,
branches,分支,
temp branch,临时分支,
plan,计划,
UI,用户界面,
Git push,Git推送,
branch management,分支管理,
Remote,远程,
cloud provider,云服务提供商,
hosted Git service,托管Git服务,
paranoia,偏执,
snapshots,快照,
clues,线索,
incorrect paths,错误路径,
mistaken assumptions,错误假设,
branch confusion,分支混淆,
self-preservation,自我保护,
trade-off,权衡,
digital food poisoning,数字食物中毒,
local unit tests,本地单元测试,
GPT-4,GPT-4,
static analysis tools,静态分析工具,
conceptual flaws,概念缺陷,
exploits,利用,
"May 22, 2025",2025年5月22日,
Sean Heelan,Sean Heelan,
OpenAI o3 model,OpenAI o3 模型,
Automated Guideline Enforcement,自动化规范执行,
Google’s ninety-page C++ style guide,谷歌的90页C++风格指南,
compliance,合规性,
pull request comments,拉取请求评论,
Intelligent Error Handling,智能错误处理,
CircleCI,CircleCI,
Java stack traces,Java 栈跟踪,
error logs,错误日志,
code review comments,代码审查评论,
AI quality checking,AI 质量检查,
AI-enabled reviewing tools,AI辅助审查工具,
AI engineering,AI工程,
Chip Huyen,Chip Huyen,
expensive model,昂贵模型,
risk threshold,风险阈值,
financial team,财务团队,
organizational scale,组织规模,
Steve’s Harrowing and Epic Merge Recovery Tale,Steve的惊心动魄且史诗般的合并恢复故事,
code changes,代码变更,
customer problems,客户问题,
production issues,生产问题,
customer incidents,客户事件,
pilot,试点,
deployment history,部署历史,
data science,数据科学,
re-engineered,重新设计,
fast lane,快速通道,
financial institution,金融机构,
Morgan Stanley,摩根士丹利,
production deployments,生产部署,
operational models,运营模型,
core processes,核心流程,
IT bureaucracy,IT 机构,
VM,虚拟机,
processes,流程,
monoliths,单体,
organizational rate limiters,组织速率限制器,
minimum level of capability,最小能力水平,
autonomy,自主权,
visionary architect,远见卓识的建筑师,
AI kitchen,AI厨房,
torching your bridges,烧毁你的桥梁,
Git surgery,Git手术,
commanding your AI brigade,指挥你的AI部队,
culinary empir,烹饪经验,
API bridges,API桥梁,
white-box dives,白盒深入分析,
quality gatekeeper,质量守门人,
intelligent error analysis,智能错误分析,
Git discipline,Git纪律,
remotes,远程,
temporal branches,临时分支,
operational telemetry,运营遥测,
process reform,流程改革,
high-output,高产出,
AI-augmented kitchen,AI增强厨房,
burning it down,烧毁它,
guiding rhythm,指导节奏,
memory tattoos,记忆纹身,
multi-agent choreography,多智能体编排,
GOING BIG,做大,
INDIVIDUAL DEVELOPER,个人开发者,
organizational design,组织设计,
human and systemic challenges,人和系统挑战,
Michelin-starred restaurant group,米其林星级餐厅集团,
vibe coding at scale,大规模vibe编码,
legacy code bases,遗留代码库,
2024 DORA anomaly,2024年DORA异常,
vibe coding adoption,vibe编码采用,
value creation,价值创造,
experience reports,经验报告,
conferences,会议,
rigorous science,严谨的科学,
fountain of innovation,创新之源,
open problems,开放性问题,
big leagues,高水平联赛,
Chapter 17,第17章,
organizational wiring,组织布线,
Escoffier’s kitchen brigade,埃斯科菲埃厨房团队,
kitchen operations,厨房运营,
DORA metrics anomaly,DORA指标异常,
Vibe Coding Culture,氛围编码文化,
AI adoption,人工智能采用,
hiring practices,招聘流程,
culture of innovation,创新文化,
Human-AI Development Teams,人机AI开发团队,
mind-melds,心灵融合,
roles,角色,
education,教育,
AI-driven landscape,AI驱动领域,
systemic change,系统变革,
mental frameworks,心理框架,
AI revolution,人工智能革命,
new way of working,新的工作方式,
LINE COOK,厨师,
RESTAURANTS,餐馆,
ORGANIZATIONAL ARCHITECTURE,组织架构,
DIGITAL ASSISTANTS,数字助手,
COMPLEX PROJECTS,复杂项目,
MADHOUSE,疯狂之地,
AI ARMIES,AI 军队,
SCALE,规模,
SYMPHONY,交响乐,
HIGH-PERFORMING ORGANIZATIONS,高性能组织,
DORA,DORA,
PERFORMANCE METRICS,性能指标,
ADVANCED LESSONS,高级课程,
communication flow,通信流,
Conway’s Law,康威定律,
GM–Toyota joint venture plant,通用汽车-丰田合资工厂,
NUMMI,NUMMI,
Fremont,弗里蒙特,
California,加利福尼亚,
GM,通用汽车,
workflows,工作流程,
problem-solving mechanisms,问题解决机制,
training for leaders,领导力培训,
Layer 3,第三层,
GM’s worst-performing plants,通用汽车表现最差的工厂,
workforce,劳动力,
factory capital equipment,工厂资本设备,
floor space,地面空间,
architect,架构师,
Layer 3 skills,第三层技能,
front-end,前端,
shared or common repository,共享或公共仓库,
synchronizing and merging work,同步和合并工作,
Layer 3 problem,第三层问题,
meetings,会议,
service call,服务调用,
client/server communication,客户端/服务器通信,
coordination questions,协调问题,
agents and groups of agents,代理和代理组,
parallelism,并行性,
Layer 2 tools,第二层工具,
AI ecosystems,人工智能生态系统,
Layer 2 technologies,第二层技术,
InfoSec,信息安全,
product management,产品管理,
broader organizational issues,更广泛的组织问题,
Layer 2,第二层,
agent swarms,智能体群,
Layer 3 of Layer 3,第三层的第三层,
coordination patterns,协调模式,
1890s,1890年代,
coordination at work,工作中的协调,
1870s,1870年代,
Public dining,公共餐饮,
taverns and inns,酒店和小酒馆,
simple fare,简单食物,
grand hotels,豪华酒店,
Henry Ford’s assembly line,亨利·福特的流水线,
Taiichi Ohno’s Toyota Production System,大野耐一的丰田生产系统,
hierarchies,等级制度,
standardized protocols,标准化协议,
food preparation,食物准备,
table d’hôte,套餐,
restaurant,餐厅,
Layer 3 architecture,三层架构,
Escoffier,艾斯库菲尔,
modular system,模块化系统,
specialized stations,专业工作站,
clear responsibilities,明确责任,
interfaces,接口,
mini kitchen,微型厨房,
specific tasks,特定任务,
coordinated,协调,
specialist,专家,
domain,领域,
task decomposition,任务分解,
interface design,接口设计,
software systems,软件系统,
executive chef,行政总厨,
chef de cuisine,主厨,
specification,规范,
operational manager,运营经理,
real-time coordination,实时协调,
quality control,质量控制,
Figure 17.1,图17.1,
brigade system,团队系统,
standardization,标准化,
career paths,职业路径,
junior cook,初级厨师,
Kubernetes pods,Kubernetes pods,
GitLab services,GitLab服务,
production outage,生产中断,
production software,生产软件,
operations roles,运营角色,
2007,2007,
engineering managers,工程经理,
architects,架构师,
on-call rotation,值班轮岗,
2005,2005,
market conditions,市场状况,
site outages,网站故障,
microservices,微服务,
Google+,Google+,
early 2000s,2000年代初,
service incidents,服务事件,
downstream services,下游服务,
unknown dependencies,未知依赖,
escalations,升级,
alarm,警报,
2 a.m.,凌晨2点,
feature development,功能开发,
agent-authored change,代理作者变更,
ownership,所有权,
commoditized,商品化,
software engineers,软件工程师,
new world,新世界,
PMs,项目经理,
IT operations,IT运维,
tech writers,技术作家,
democratization,民主化,
Layer 3 orchestration skills,第三层编排技能,
coordination effort,协调工作,
2-pizza teams,2个披萨团队,
vibe-coding,氛围编码,
org chart,组织结构图,
project development,项目开发,
pager calls,呼叫铃,
preventive,预防性的,
corrective,纠正性的,
DORA Metrics,DORA 指标,
State of DevOps Research program,DevOps 状态研究项目,
cross-population study,跨群体研究,
health industry,医疗行业,
early morbidity and mortality,早期发病率和死亡率,
high performance,高性能,
rigorous statistical analysis,严格的统计分析,
Deployment Lead Time,部署领先时间,
Deployment Failure Rate,部署失败率,
Failed Deployment Recovery Time,失败的部署恢复时间,
process hygiene,流程卫生,
"1,000+ lines of code","1,000+ 行代码",
ten-developer team,10人开发团队,
bad architectures,不良架构,
anomaly,异常,
conjectures,猜想,
2025 DORA research report,2025年DORA研究报告,
coding assistant licenses,编码助手许可证,
technical practices,技术实践,
software delivery life cycle,软件开发生命周期,
Layer 3 organizational wiring,第三层组织结构,
Gartner,高德纳,
Fernando,费尔南多,
Valuable Time,宝贵时间,
coding and testing,编码和测试,
Wasted Time,浪费时间,
e-commerce,电子商务,
ERP,ERP系统,
e-commerce capabilities,电子商务能力,
criticality,关键性,
failures,失败,
Layer 1,层1,
decoupled systems,解耦系统,
legacy monoliths,遗留单体,
complex ERP integrations,复杂ERP集成,
copilot,代码伙伴,
highly coupled architectures,高度耦合的架构,
Theory of Constraints,约束理论,
Eliyahu M. Goldratt,艾利雅胡·M·高德拉特,
The Goal,目标,
final prep station,最终准备站,
ERP integrations,ERP集成,
test automation,测试自动化,
software deployment,软件部署,
operations teams,运维团队,
Dev and Ops,开发与运维,
software testing,软件测试,
comprehensive test automation,全面的测试自动化,
CI/CD pipelines,持续集成/持续部署管道,
always deployable builds,始终可部署的构建,
software architecture,软件架构,
technology value streams,技术价值流,
production environments,生产环境,
throwing code over the wall,抛代码过墙,
software delivery capacity,软件交付能力,
product,产品,
Bruno Passos,Bruno Passos,
Group Product Manager,集团产品经理,
Developer Experience,开发者体验,
coding efficiency,编码效率,
task-oriented agents,面向任务的代理,
GraphQL schema,GraphQL模式,
Legacy Migration Tools,遗留迁移工具,
giant functions,巨型函数,
task-oriented,面向任务的,
Customizable Code Review Agent,可定制代码审查代理,
State of DevOps,DevOps 状态,
Sociotechnical Maestro,社会技术大师,
Quinn Slack,Quinn Slack,
loosely coupled systems,松散耦合系统,
developer uptake,开发者采用,
mavens,专家,
connectors,连接者,
salespeople,销售人员,
Sourcegraph’s VP of Finance,Sourcegraph的财务副总裁,
coding leaderboard,编码排行榜,
unexpected wins,意外胜利,
Jessie Young,Jessie Young,
bride system,团队系统,
clear ownership,清晰的归属权,
team members,团队成员,
AI-assisted,人工智能辅助的,
meal,菜肴,
AI kitchen brigade,人工智能厨房团队,
Layer 3 Focus,第三层关注,
parallelized,并行化,
high-quality output,高质量输出,
on-call rule,值班规则,
AI-generated code,AI生成的代码,
2 a.m. call,凌晨2点电话,
Adidas study,阿迪达斯研究,
AI swarms,AI集群,
coordination platforms,协调平台,
Eric S. Raymond,埃里克·S·雷蒙德,
Dr. Melvin Conway,梅尔文·康威博士,
GosuCoder,GosuCoder,
junior and senior developer,初级和高级开发者,
product manager,产品经理,
Savoy Hotel,萨沃伊酒店,
semi-technical,半技术性的,
starter cord,启动绳,
chainsaw,链锯,
hatchet,手斧,
brown-bag lunches,午餐盒午餐,
analyst report,分析师报告,
Perl script,Perl脚本,
pilot flame,引火筒火焰,
risk tolerance,风险承受能力,
FAAFO outcomes,FAAFO结果,
Feed the Fire,点燃火焰,
Token Burn,代币燃烧,
KPI,关键绩效指标,
tokens consumed and generated,消耗和生成的代币,
target,目标,
tokens burned,燃烧的代币,
Most-Improved Code Base,最佳改进代码库,
Longest Running AI Job,运行时间最长的AI任务,
A guitarist,吉他手,
locked in,锁定,
idiosyncrasies,特性,
Claude 3.5 Sonnet,Claude 3.5 Sonnet,
Malcolm Gladwell,马尔科姆·格拉德威尔,
tipping-point triad,临界点三角,
productivity surplus,生产力剩余,
grounded confidence,稳固的自信,
optimism,乐观,
innovation,创新,
Dr. Beane’s conjecture,贝恩博士的猜想,
proxy,代理,
factory output,工厂产出,
Dan Adler,丹·阿德勒,
peer pressure,同侪压力,
light users,轻度用户,
performance review,绩效评估,
Outliers,异常值,
new kitchen techniques,新的厨房技巧,
traditional software hiring,传统软件招聘,
languages mastered,掌握的语言,
frameworks used,使用的框架,
algorithms memorized,记忆中的算法,
AI pool,AI 池,
checklist questions,清单问题,
communication skills,沟通技巧,
OSS project,开源项目,
practical assessments,实际评估,
AI coding assistants,AI 编码助手,
model misunderstandings,模型误解,
veteran engineers,资深工程师,
native [vibe] coders,原生[氛围]编码者,
AI-augmented,人工智能增强,
Quinn Slack’s leaderboard,Quinn Slack的排行榜,
safety guardrails,安全护栏,
internal mavens,内部专家,
AI-augmented teams,人工智能增强团队,
Heat,热度,
token-burn leaderboards,代币燃烧排行榜,
demo days,演示日,
Aha!,啊哈！,
allergy warnings,过敏警告,
robust validation processes,强大的验证流程,
near misses,几乎错过的情况,
Spills,洒落,
blameless post-mortems,无责的复盘,
I. Claude 3.7,I. Claude 3.7,
DeepSeek,DeepSeek,
GPT-4.5,GPT-4.5,
Gemini-2.5-Pro,Gemini-2.5-Pro,
LLM timeouts,LLM超时,
Oops,哎呀！,
"clear, actionable rules",明确、可执行的规定,
team conventions,团队规范,
standard work,标准作业,
living documentation,活文档,
great guidelines,优秀的指南,
vibe coding team,vibe 编码团队,
Collaborative Cookbook,协作食谱,
great,优秀,
temperature testers,温度测试器,
chicken,鸡肉,
sanitizing,消毒,
user inputs,用户输入,
secrets,机密信息,
database queries,数据库查询,
parameterized,参数化,
comprehensive,全面的,
concise,简洁的,
development context,开发环境,
APIs,API,
project standards,项目标准,
retry pattern,重试模式,
transient failures,短暂故障,
Toyota Production System,丰田生产系统,
mechanism,机制,
monolithic internal shared code repository,单体内部共享代码库,
shared memory,共享内存,
veteran vibe coders,经验丰富的氛围编码者,
trial-and-error,试错法,
set-and-forget,设置并忘记,
guideline,指南,
Markdown plans,Markdown计划,
daily context,日常上下文,
static context,静态上下文,
token-efficient,标记效率高,
hierarchy,层次结构,
organization-wide rules,组织级规则,
static analysis,静态分析,
monthly churn,月度流失,
experiment,实验,
prototype,原型,
tribal jargon,部落术语,
Daniel Rock,Daniel Rock,
Wharton School,沃顿商学院,
the Driﬂ,‘Driﬂ’,
Paciﬁc Rim,《环太平洋》,
Jaeger,机甲,
Kaiju monsters,哥斯拉怪物,
superhuman concentration,超人类集中力,
GitHub Apps,GitHub 应用,
spec,规格,
UI flows,UI 流程,
developer capacity,开发者能力,
Robotic surgery,机器人手术,
apprenticeship model,学徒制模式,
junior,初级,
procedures,程序,
accidents,事故,
ingenious problem-solving,巧妙的解决问题的方法,
Dr. Beane,贝恩博士,
burgeoning talent,崭露头角的人才,
grassroots innovations,基层创新,
senior manager,高级经理,
repo,代码库,
RHLF-trained robots,RHLF训练的机器人,
mechatronics,机电一体化,
FAAFO effect,FAAFO效应,
software kitchens,软件工作室,
human–AI collaboration,人机协作,
Product Prototyper,产品原型师,
Platform Designer,平台设计师,
Fleet Fixer,舰队修复者,
Agent Expert,代理专家,
Fleet Supervisor,舰队总监,
Platform Engineer,平台工程师,
Apex Builder,顶峰构建师,
Computer Science Curricula,计算机科学课程,
developer training pipeline,开发者培训流程,
algorithm,算法,
code reading,代码阅读,
David McCullough,大卫·麦卡洛,
version control discipline,版本控制纪律,
conflict-resolution expertise,冲突解决专业知识,
systematic approach,系统方法,
Software Modularity,软件模块化,
CS and software engineering,计算机科学与软件工程,
Entrepreneurial Awareness,创业意识,
business and revenue models,商业模式和收入模式,
pitch ideas,提出想法,
technical know-how,技术知识,
Toyota’s “standard work”,丰田的“标准作业”,
the Driﬂf,“Driﬂf”,
hidden innovators,隐藏的创新者,
AI-assisted workflows,AI辅助工作流,
Cultivate Your “Collaborative Cookbook”,培养你的“协作菜谱”,
living documents,活文档,
team’s discoveries,团队发现,
AI’s capabilities,AI的能力,
Mind-Meld,心灵契合,
Emergent Talent,新兴人才,
human–AI dance,人机协作,
kitchen’s future,厨房的未来,
New Literacies,新素养,
code comprehension,代码理解,
articulate communication,清晰沟通,
architectural thinking,架构思考,
AI-augmented world,人工智能增强的世界,
kitchen wisdom,厨房智慧,
continuous improvement,持续改进,
Layer 3 decisions,第3层决策,
self-contained task,自包含任务,
token-burn leaderboard,代币燃烧排行榜,
open-source community,开源社区,
feature matrices,特征矩阵,
judgment,判断,
agent-built prototype,代理构建的原型,
new recipes,新食谱,
push the craft forward,推动工艺向前发展,
adventure,冒险,
everyday coding life,日常编码生活,
colleagues,同事,
porting an ancient code base,移植古老代码库,
orchestrating a team of AI agents,编排AI团队,
grand endeavor,宏伟事业,
fellow learners,同行学习者,
join-vibe-coding-community,加入氛围编码社区,
API Key,API密钥,
Code AI,代码AI,
Generative AI,生成式AI,
API-based automation,基于API的自动化,
assistants with agentic behavior,具有代理行为的助手,
LLM-produced code indexes,LLM生成的代码索引,
Coding Assistant,代码助手,
context-aware,上下文感知的,
code snippets,代码片段,
Dynamic Context,动态上下文,
problem descriptions,问题描述,
intermediate code versions,中间代码版本,
debugging information,调试信息,
Foundation Model,基础模型,
Llama,Llama,
AI systems,人工智能系统,
new content,新内容,
text,文本,
user prompts,用户提示,
classification,分类,
prediction,预测,
novel outputs,新颖输出,
patterns,模式,
natural language dialogue,自然语言对话,
fabricated information,虚构信息,
functions,函数,
Inference Provider,推理服务提供商,
computational resources,计算资源,
AWS Bedrock,AWS Bedrock,
Azure OpenAI Service,Azure OpenAI 服务,
task graph model,任务图模型,
independent task,独立任务,
open-source language models,开源语言模型,
derivatives,衍生模型,
text data,文本数据,
Multi-Turn Conversation,多轮对话,
round trips,来回交互,
agentic behavior,智能体行为,
single-turn,单轮,
one-shot,一次性,
Ollama,Ollama,
One-Shot Query,一次性查询,
few-shot queries,少样本查询,
multi-turn conversations,多轮对话,
accuracy,准确性,
special requirements,特殊要求,
constraints,约束,
desired outputs,期望输出,
natural language,自然语言,
Prompt Library,提示库,
AI programming sessions,AI编程会话,
consistency,一致性,
knowledge base,知识库,
semantic meaning,语义意义,
content,内容,
patterns and conventions,模式和规范,
enterprise development,企业开发,
LLM sessions,LLM会话,
indexing,索引,
coding standards,编码标准,
architecture documents,架构文档,
administrative prompts,管理提示,
large bodies of data,大量数据,
issue trackers,问题跟踪器,
interconnected nodes,相互连接的节点,
nodes,节点,
information flow,信息流,
Token limits,标记限制,
V&V,验证与验证,
technical requirements,技术要求,
Checkpoint,检查点,
Detect,检测,
Verify,验证,
Always on watch,始终监控,
freezer,冷冻柜,
Correct,纠正,
Middle Developer Loop,中间开发者循环,
Written rules,书面规则,
Intentional AI coordination,有意的人工智能协调,
Waking up to eldritch AI-generated horrors,从恐怖的人工智能生成噩梦醒来,
Too many cooks: detecting agent contention,厨师太多：检测代理争用,
Sharpen your knives: investing in workflow automation,磨快你的刀：投资工作流自动化,
The economics of optionality,可选择性经济学,
Outer Developer Loop,外部开发者循环,
Don’t let your AI torch your bridges,不要让你的AI烧毁你的桥梁,
Minimize and modularize,最小化和模块化,
Managing fleets of agents,管理代理队伍,
Auditing through or around the kitchen,通过或绕过厨房进行审计,
"Making operations fast, ambitious, and fun",让操作快速、大胆且有趣,
When the AI throws everything out,当AI把所有东西都抛出来时,
CI/CD in the age of AI,在人工智能时代中的CI/CD,
Steve’s harrowing merge recovery tale,Steve的惊心动魄的合并恢复故事,
When you’re stuck with awful processes and architecture,当你陷入糟糕的过程和架构时,
Steve Spear,史蒂夫·斯佩尔,
MIT Sloan,麻省理工学院斯隆管理学院,
Matt Beane,马特·比恩,
UCSB,加州大学圣塔芭芭拉分校,
Adam Gordon Bell,亚当·戈登·贝尔,
CoRecursive,CoRecursive,
JD Black,JD 黑,
Northrop Grumman,诺斯罗普·格鲁门,
James Cham,詹姆斯·查姆,
Bloomberg Beta,彭博Beta,
Mike Carr,迈克·卡尔,
Vanguard,先锋,
Sean Corfeld,肖恩·科菲尔德,
World Singles Networks,世界单身网络,
Jason Cox,贾森·科克斯,
Disney,迪士尼,
Cornelia Davis,科妮莉亚·戴维斯,
Temporal Technologies,时间技术,
Derek DeBellis,德里克·德贝利斯,
Richard Feldman,理查德·费尔曼,
zed.dev,zed.dev,
Ben Grinnell,本·格里尼尔,
Jeff Gallimore,杰夫·加洛莫尔,
Excella,Excella,
Nathen Harvey,纳森·哈维,
Mitchell Hashimoto,米切尔·哈希imoto,
Elisabeth Hendrickson,伊丽莎白·亨德里克森,
Curious Duck,好奇鸭,
Christine Hudson,克里斯汀·哈德森,
The Welcome Elephant,欢迎象,
Christofer Hoff,克里斯托弗·霍夫,
LastPass,LastPass,
Tom Killilea,汤姆·基利,
Mik Kersten,米克·凯尔斯滕,
Planview,Planview,
Kerrick Long,凯里克·朗,
Over the Top Marketing,Over the Top Marketing,
Ryan Martens,瑞安·马滕斯,
Manifest,Manifest,
Kyle Moschetto,凯尔·莫舍托,
KMo,KMo,
Stuart Pearce,斯图尔特·皮尔斯,
John Rauser,约翰·劳瑟,
Cisco,思科,
Matt Ring,马特·林,
John Deere,约翰·迪尔,
Richard Seroter,理查德·塞奥特,
Randy Shoup,兰迪·休普,
Shive Market,Shive Market,
Steve Smith,史蒂夫·史密斯,
Equal Experts,Equal Experts,
Laura Tacho,劳拉·塔乔,
Mat Velloso,马特·维洛索,
Prashant Verma,普拉沙恩特·维尔马,
DoorDash,DoorDash,
Steve Wilson,史蒂夫·威尔逊,
Exabeam,Exabeam,
Adam Zimman,亚当·齐曼,
Mitesh Shah,米特什·沙,
Gaiwan,盖万,
Patrick,帕特里克,
Debois,Debois,
Brian Scott,Brian Scott,
Joseph Enochs,Joseph Enochs,
EVT,EVT,
Paige Bailey,Paige Bailey,
KentBeck.com,KentBeck.com,
MIT,麻省理工学院,
Jason Clinton,Jason Clinton,
Dr. Joe Davis,Joe Davis博士,
Microsot,微软,
Andrew Glover,Andrew Glover,
CBA,CBA,
Timothy Howard,Timothy Howard,
UK Defra,英国环境、食物和农村事务部,
Dr. Tapabrata Pal,Tapabrata Pal博士,
Fidelity Investments,富达投资,
Wharton,沃顿商学院,
Workhelix,Workhelix,
Ryan Sikorsky,Ryan Sikorsky,
Amy Willard,Amy Willard,
AMD,AMD,
CEO Sourcegraph,Sourcegraph首席执行官,
Beyang Liu,Beyang Liu,
CTO Sourcegraph,Sourcegraph首席技术官,
Chris Sells,Chris Sells,
Dr. Eric Fritz,Eric Fritz博士,
Erika Rice Scherpelz,Erika Rice Scherpelz,
Gergely Orosz,Gergely Orosz,
The Pragmatic Programmer,《实用程序员》,
Mike Schiraldi,Mike Schiraldi,
Oscar Wickström,Oscar Wickström,
Rik Nauta,Rik Nauta,
Robert Lathrop,Robert Lathrop,
Ghost Track,Ghost Track,
AI in the enterprise,企业AI,
willpower,意志力,
1999,1999,
"Tripwire, Inc.","Tripwire, Inc.",
enterprise security software,企业安全软件,
thirteen years,十三年,
Wall Street Journal,华尔街日报,
The Unicorn Project,《独角兽项目》,
The Phoenix Project,《凤凰项目》,
The DevOps Handbook,《DevOps手册》,
Shingo Publication Award,Shingo出版奖,
Accelerate,《加速》,
Philip Crosby Medal,菲利普·克罗斯比奖,
American Society for Quality (ASQ),美国质量协会(ASQ),
2014,2014,
DevOps Enterprise Summit,DevOps企业峰会,
GeoWorks,GeoWorks,
N-tier service architecture,N层服务架构,
Customer Service Tools,客户服务工具,
senior staff engineer,高级工程师,
senior engineering manager,高级工程经理,
Google’s internal Code Search system,谷歌内部代码搜索系统,
99% satisfaction rating,99%满意度评分,
ride-share and payments company,共享出行和支付公司,
Singapore,新加坡,
Cody AI assistant,Cody AI助手,
Code Search system,代码搜索系统,
Yegge Rant,Yegge Rant,
FooCafe,FooCafe,
Advancements and Future Directions in AI-Assisted Coding,AI辅助编码的进展与未来方向,
Cornago,Cornago,
500-Person GenAI and Developer Pilot,500人GenAI和开发者试点项目,
Beck,Beck,
Social AI Adoption,社交AI采用,
Hybrid Corn,杂交玉米,
Kalliamvakou,Kalliamvakou,
Happiness,幸福感,
Mauran,Mauran,
AI Software Engineer,AI软件工程师,
Nolan,Nolan,
Memories,记忆,
Company Passwords,公司密码,
Yegge,Yegge,
Stevey’s Google Platforms Rant,Stevey的Google平台狂言,
Lous,Lous,
Google Engineer,Google工程师,
"April 2, 2025",2025年4月2日,
Vas,Vas,
Gazit,Gazit,
develoopest,develoopest,
Prompt Engineer,Prompt Engineer,
Banks,Banks,
Motorhome,Motorhome,
Bhagsain,Bhagsain,
"May 14, 2025","May 14, 2025",
Meijer,Meijer,
Flowcon,Flowcon,
Adrian Cockcro,Adrian Cockcro,
Grove,Grove,
High Output Management,High Output Management,
Google C++ Style Guide,Google C++风格指南,
GitHub Organization,GitHub组织,
Olsson,Olsson,
Osorio,Osorio,
PyCoach,PyCoach,
Codex,Codex,
Ferriss,Ferriss,
The Tim Ferriss Show Transcripts,《蒂姆·费里斯秀》文稿,
Jerry Seinfeld,杰瑞·宋飞,
Comedy Legend,喜剧传奇,
Systems,系统,
Routines,例行程序,
Methods,方法,
January 2025,2025年1月,
Baldwin,Baldwin,
Design Rules,设计规则,
Eloundou,Eloundou,
et al.,等人,
GPTs Are GPTs,GPTs Are GPTs,
April 2025,2025年4月,
Dr. Nicholas Negroponte,尼葛洛庞帝博士,
MIT Media Lab,麻省理工学院媒体实验室,
"move bits, not atoms",移动比特，而非原子,
Lopez,Lopez,
The White House,白宫,
Sad Story,悲伤的故事,
American Jobs,美国工作,
Varanasi,Varanasi,
Human Workers,人类工人,
Andrew Ng,吴恩达,
The Death of the Junior Developer,初级开发者的死亡,
Cohen,Cohen,
AI replacing soware engineers,人工智能取代软件工程师,
Zavřel,Zavřel,
Smartphones,智能手机,
Acemoglu,Acemoglu,
Simple Macroeconomics,简单宏观经济学,
DeLong,DeLong,
The Reality of Economic Growth,经济增长的现实,
History and Prospect,历史与展望,
Matt Velloso,Matt Velloso,
Velloso,Velloso,
authors,作者,
Daron,Daron,
Massachusetts Institute of Technology,麻省理工学院,
"April 5, 2024",2024年4月5日,
Aguinaga,Aguinaga,
Jose,Jose,
HackerNoon,HackerNoon,
"October 3, 2016",2016年10月3日,
AI Engineer,AI工程师,
Beyang,Beyang,
"April 8, 2025",2025年4月8日,
Andon,Andon,
Paul,Paul,
Uber,Uber,
Algorithmic Management,算法管理,
Businessink,Businessink,
"October 29, 2023",2023年10月29日,
"April 18, 2025",2025年4月18日,
Carliss Y,Carliss Y,
Volume 2,第2卷,
The MIT Press,麻省理工学院出版社,
Ball,Ball,
AmpPodcast,AmpPodcast,
"April 15, 2025",2025年4月15日,
Suffolk Gazette,萨福克公报,
"October 3, 2022",2022年10月3日,
Beane,Beane,
The Skill Code,技能代码,
Harper Business,哈珀商业出版社,
Kent,Kent,
Tidy First,整洁第一,
Substack,Substack,
"April 9, 2025",2025年4月9日,
Belsky,Belsky,
LinkedIn,LinkedIn,
"December 20, 2024",2024年12月20日,
Anurag,Anurag,
"January 6, 2025",2025年1月6日,
Bland,Bland,
Mike,Mike,
Goto Fail,Goto Fail,
Heartbleed,Heartbleed,
MartinFowler.com,MartinFowler.com,
"June 3, 2014",2014年6月3日,
Borman,Borman,
Frank,Frank,
QuoteFancy,QuoteFancy,
"April 6, 2025",2025年4月6日,
Butler,Butler,
Jina Suh,Jina Suh,
Sankeerti Haniyur,Sankeerti Haniyur,
Constance Hadley,Constance Hadley,
Dear Diary,Dear Diary,
arXiv.org,arXiv.org,
"October 24, 2024",2024年10月24日,
Latent Space,Latent Space,
"May 7, 2025",2025年5月7日,
Dave,Dave,
Enterprise Tech Leadership Summit,企业技术领导力峰会,
IT Revolution,IT革命,
February 2025,2025年2月,
Culver,Culver,
Hannah,Hannah,
PagerDuty,PagerDuty,
Operations Cloud,运营云,
Spring 25 Release,Spring 25版本发布,
"February 25, 2025",2025年2月25日,
Anthropic’s CLI Agent,Anthropic CLI代理,
Kim,Kim,
Spear,Spear,
personal conversation,个人谈话,
the authors,作者们,
"April 23, 2025",2025年4月23日,
Collapse the Talent Stack Every Chance You Get,抓住每个机会缩减人才栈,
Butler et al.,Butler等,
A Randomized Controlled Trial,随机对照试验,
Generative AI Coding Tools,生成式AI编码工具,
the Workplace,工作场所,
Pair Programming Session,结对编程会议,
Sept 2024,2024年9月,
personal correspondence,私人通信,
AI-Native Developer Tools,AI原生开发者工具,
Wikipedia contributors,维基百科贡献者,
Auguste Escoffier,艾斯库菲尔,
DevOps Handbook,DevOps 手册,
Ken Exner,Ken Exner,
Director of Dev Productivity,开发生产力总监,
2015,2015,
DeBellis,DeBellis,
Kwa,Kwa,
Ability,能力,
Complete Long Tasks,完成长期任务,
Patel,Patel,
RL,强化学习,
AGI,通用人工智能,
Sholto Douglas,Sholto Douglas,
Trenton Bricken,Trenton Bricken,
Measuring AI Ability,衡量AI能力,
Derek,Derek,
Storer,Storer,
Kevin M.,Kevin M.,
Villalba,Villalba,
Michelle Irvine,Michelle Irvine,
Kim Castillo,Kim Castillo,
DORA Research,DORA研究,
Delfanti,Delfanti,
Alessandro,Alessandro,
The Warehouse,The Warehouse,
Workers,Workers,
Robots,Robots,
Pluto Press,Pluto Press,
Bradford,Bradford,
120–122,120–122,
De Sousa Pereira,De Sousa Pereira,
Vitor M.,Vitor M.,
The Insanity of Being a Soware Engineer,成为一名软件工程师的疯狂,
0x1,0x1,
"March 9, 2025",2025年3月9日,
Digital Workforce,Digital Workforce,
"April 19, 2025",2025年4月19日,
Distefano,Distefano,
Manuel Fähndrich,Manuel Fähndrich,
Francesco Logozzo,Francesco Logozzo,
Peter W. O’Hearn,Peter W. O’Hearn,
Communications of the ACM,ACM通讯,
August 2019,2019年8月,
Tyna,Tyna,
Sam Manning,Sam Manning,
Pamela Mishkin,Pamela Mishkin,
GPTs,GPTs,
"March 17, 2023",2023年3月17日,
Ericsson,Ericsson,
Anders,Anders,
Robert Pool,Robert Pool,
Peak,Peak,
Secrets from the New Science of Expertise,新科学专长之谜,
Mariner Books,Mariner Books,
2016,2016,
Tim,Tim,
Comedy Legend’s Systems,喜剧传奇的系统,
Methods for Success,成功方法,
The Blog of Author Tim Ferriss,蒂姆·费里斯作者的博客,
"July 20, 2021",2021年7月20日,
Velocity and Volume,速度与规模,
YouTube video,YouTube视频,
"December 18, 2013",2013年12月18日,
"October 19, 2023",2023年10月19日,
Forsgren,Forsgren,
Nicole,Nicole,
The Science of Lean Software and DevOps,精益软件和DevOps的科学,
Building and Scaling High Performing Technology Organizations,构建和扩展高性能技术组织,
2018,2018,
Garret,Garret,
Erann Gat,Erann Gat,
Lisping at JPL,在JPL的Lisp,
2002,2002,
Idan,Idan,
Reaching for AI-Native Developer Tools,迈向AI原生开发工具,
C++ Style Guide,C++风格指南,
Andrew S.,Andrew S.,
Vintage,Vintage,
Guntur,Guntur,
Prabhudev,Prabhudev,
AI Agent Framework,AI代理框架,
Google ADK,Google ADK,
Autogen,Autogen,
Langchain,Langchain,
CrewAI,CrewAI,
Medium,Medium,
Heavybit,Heavybit,
O11ycast,O11ycast,
Augmented Coding,增强编码,
"April 30, 2025",2025年4月30日,
Heelan,Heelan,
CVE-2025-37899,CVE-2025-37899,
Remote Zero-Day Vulnerability,远程零日漏洞,
Linux Kernel’s SMB Implementation,Linux内核的SMB实现,
Sean Heelan’s Blog,Sean Heelan的博客,
"May 26, 2025",2025年5月26日,
Hickey,Hickey,
Proceedings of the ACM on Programming Languages,ACM程序设计语言会议记录,
Brendan,Brendan,
LinkedIn post,LinkedIn帖子,
Eirini,Eirini,
GitHub Blog,GitHub博客,
"May 21, 2024",2024年5月21日,
Kersten,Kersten,
O’Connell,O’Connell,
Keenan,Keenan,
2023 State of DevOps Report,2023 DevOps 状态报告,
Nathani,Nathani,
Yang,Yang,
Datasette,Datasette,
Wickett,Wickett,
Information Security,信息安全,
Automated Change Management,自动化变更管理,
Humble,Humble,
Sturtevant,Sturtevant,
System Design,系统设计,
Cost of Architectural Complexity,架构复杂性成本,
The Missing Manual,缺失手册,
Pool,Pool,
Beatrice,贝阿特丽斯,
Information Security Officer,信息安全官,
Fortune,财富,
Ronak,罗纳克,
Guang Yang,杨光,
Software Misadventures Podcast,软件冒险播客,
"September 10, 2024",2024年9月10日,
"February 24, 2025",2025年2月24日,
Kevin Gargate,凯文·加加特,
Artificial Corner,人工智能角,
Dwarkesh,德瓦克什,
The Verge,The Verge,
"April 7, 2025",2025年4月7日,
UiPath,UiPath,
Daniel Dines,丹尼尔·迪内斯,
IT Revolution Enterprise Summit Europe,欧洲IT革命企业峰会,
Programmers,程序员,
"April 1, 2025",2025年4月1日,
CTOs,CTO,
"March 28, 2025",2025年3月28日,
Tan,坦,
Garry,加里,
Winter 2025,2025年冬季,
"March 5, 2025",2025年3月5日,
Unwrap,Unwrap,
GitHub’s Copilot,GitHub的Copilot,
"August 5, 2024",2024年8月5日,
Lakshmi,拉克希米,
Business Insider,Business Insider,
"March 16, 2025",2025年3月16日,
"May 24, 2025",2025年5月24日,
James,詹姆斯,
November 2024,2024年11月,
Willison,威利森,
Simon Willison’s Weblog,西蒙·威利森的博客,
"March 11, 2025",2025年3月11日,
Wu,吴,
Scott,斯科特,
Cognition,认知,
"March 12, 2024",2024年3月12日,
"August 14, 2020",2020年8月14日,
Google Platforms,谷歌平台,
chitchcock,chitchcock,
"May 28, 2025",2025年5月28日,
GitHub Gist,GitHub Gist,
AI-assisted coding,AI辅助编码,
CLI Agent,CLI 代理,
Andrej,Andrej,
Swiﬁ,Swiﬁ,
"March 22, 2025",2025年3月22日,
"April 24, 2025",2025年4月24日,
"February 2, 2025",2025年2月2日,
Nigel,Nigel,
Caitlyn O’Connell,Caitlyn O’Connell,
Ronan Keenan,Ronan Keenan,
2023 State of DevOps Report: Platform Engineering Edition,2023年DevOps报告：平台工程版,
"Portland, OR",俄勒冈州波特兰,
Puppet by Perforce,Puppet by Perforce,
Patrick Debois,Patrick Debois,
John Willis,John Willis,
Nicole Forsgren,Nicole Forsgren,
2nd ed,第2版,
Tomas,Tomas,
Ben West,Ben West,
Joel Becker,Joel Becker,
"May 16, 2025",2025年5月16日,
Levy,Levy,
Alon Jacoby,Alon Jacoby,
Yoav Goldberg,Yoav Goldberg,
"February 19, 2024",2024年2月19日,
"October 12, 2011",2011年10月12日,
Business Insider Nederland,Business Insider Nederland,
"July 25, 2017",2017年7月25日,
Lutke,Lutke,
Reﬂexive AI,Reﬂexive AI,
MacroTrends,MacroTrends,
SHOP,SHOP,
McCullough,McCullough,
National Endowment for the Humanities,美国国家人文基金会,
Jefferson Lecture,杰斐逊演讲,
2003,2003年,
Erik,Erik,
Microso Build 2025,微软Build 2025,
Day 2 Keynote,第二天主题演讲,
Replay,Replay,
"May 20, 2025",2025年5月20日,
Mollick,Mollick,
Montti,Montti,
blog,博客,
"June 24, 2024",2024年6月24日,
Roman,Roman,
Letem Svetem Applem,Letem Svetem Applem,
"April 19, 2024",2024年4月19日,
Photos,照片,
Average American,美国平均人,
20 photos,20张照片,
May 2025,2025年5月,
Photography Revolution,摄影革命,
global photographs,全球照片,
5-year period,五年期,
Film Era,胶片时代,
Early Digital,早期数字时代,
Smartphone Revolution,智能手机革命,
x-axis,X轴,
y-axis,Y轴,
billions,十亿,
13 trillion photographs,130万亿张照片,
Mind-Blowing Growth,令人惊叹的增长,
"54,000%","54,000%",
Auth Library,认证库,
Auth Impl,认证实现,
Token Logic,令牌逻辑,
Automate Deployment,自动化部署,
Web & Mobile Clients,Web和移动客户端,
"Tests, Docs",测试，文档,
Core Application,核心应用,
Platform & API,平台与API,
Set-up Tools & Repos,设置工具和仓库,
Automate Build/Test,自动化构建/测试,
Provision Infrastructure,提供基础设施,
Capacity Planning,容量规划,
Deploy Clusters,部署集群,
DNS & LB,DNS和负载均衡器,
Budgeting,预算,
interconnections,互连,
iterative nature,迭代特性,
flow of tasks,任务流程,
relationships between components,组件之间的关系,
Soware Engineer,软件工程师,
local data sources,本地数据源,
remote server,远程服务器,
MCP Protocol,MCP协议,
Host with MCP Client,带有MCP客户端的主机,
MCP Server A,MCP服务器A,
MCP Server B,MCP服务器B,
MCP Server C,MCP服务器C,
Web APIs,Web API,
Remote Server B,远程服务器B,
circular flowchart,圆形流程图,
iterative process,迭代过程,
subtask,子任务,
execution,执行,
internal loop,内部循环,
external loop,外部循环,
planning,规划,
area charts,面积图,
introduction of code,代码引入,
retention of code,代码保留,
codebases,代码库,
lines of code,代码行数,
year,年,
shaded layer,阴影层,
steady increase,稳步增长,
growth slows,增长放缓,
plateau,平台期,
Real ROI,实际投资回报率,
Enterprise SDLC,企业软件开发生命周期,
Web,网络,
25 NW 23rd Pl,25 NW 23rd Pl,
Suite 6314,6314室,
"Portland, OR 97210",波特兰，俄勒冈州 97210,
"IT Revolution Press, LLC",IT革命出版社有限公司,
"25 NW 23rd Pl, Suite 6314","25 NW 23rd Pl, 6314室",
Library of Congress Control Number,国会图书馆控制编号,
2025022944,2025022944,
Paperback,平装本,
9781966280026,9781966280026,
Ebook,电子书,
9781966280033,9781966280033,
9781966280040,9781966280040,
www.ITRevolution.com,www.ITRevolution.com,
